-- phpMyAdmin SQL Dump
-- version 4.5.1
-- http://www.phpmyadmin.net
--
-- Хост: localhost:3306
-- Время создания: Дек 13 2016 г., 01:27
-- Версия сервера: 5.6.33
-- Версия PHP: 5.5.30

SET SQL_MODE = "NO_AUTO_VALUE_ON_ZERO";
SET time_zone = "+00:00";


/*!40101 SET @OLD_CHARACTER_SET_CLIENT=@@CHARACTER_SET_CLIENT */;
/*!40101 SET @OLD_CHARACTER_SET_RESULTS=@@CHARACTER_SET_RESULTS */;
/*!40101 SET @OLD_COLLATION_CONNECTION=@@COLLATION_CONNECTION */;
/*!40101 SET NAMES utf8mb4 */;

--
-- База данных: `u9839606_fab`
--
CREATE DATABASE IF NOT EXISTS `u9839606_fab` DEFAULT CHARACTER SET utf8 COLLATE utf8_general_ci;
USE `u9839606_fab`;

-- --------------------------------------------------------

--
-- Структура таблицы `about`
--

CREATE TABLE `about` (
  `address` longtext NOT NULL,
  `id` int(8) NOT NULL
) ENGINE=InnoDB DEFAULT CHARSET=utf8;

--
-- Дамп данных таблицы `about`
--

INSERT INTO `about` (`address`, `id`) VALUES
('<p>FAB Ltd. 43 Yakov Olamy Street Moshav Mishmar Hashiva 50297 Israel</p>\n<p>e-mail. : <a class="s-c_fff" href="mailto:www.fab-defense.com">www.fab-defense.com</a></p>\n<p>тел. : <a class="s-c_fff" href="callto:www.fab-defense.com">8 (495) 555-01-23</a></p>', 1);

-- --------------------------------------------------------

--
-- Структура таблицы `blog`
--

CREATE TABLE `blog` (
  `id` int(128) NOT NULL,
  `name` text NOT NULL,
  `description` mediumtext NOT NULL,
  `description_full` longtext NOT NULL,
  `date` varchar(64) NOT NULL,
  `date_stamp` timestamp NULL DEFAULT CURRENT_TIMESTAMP
) ENGINE=InnoDB DEFAULT CHARSET=utf8;

--
-- Дамп данных таблицы `blog`
--

INSERT INTO `blog` (`id`, `name`, `description`, `description_full`, `date`, `date_stamp`) VALUES
(4, '1', '1', '<p>111</p>', '1', '2015-04-30 14:09:20'),
(5, '2', '2', '<p>2</p>', '2', '2015-04-30 14:09:37');

-- --------------------------------------------------------

--
-- Структура таблицы `categories`
--

CREATE TABLE `categories` (
  `id` int(11) NOT NULL,
  `name` varchar(128) NOT NULL,
  `weapons` varchar(128) NOT NULL
) ENGINE=InnoDB DEFAULT CHARSET=utf8;

--
-- Дамп данных таблицы `categories`
--

INSERT INTO `categories` (`id`, `name`, `weapons`) VALUES
(8, 'ПРЕОБРАЗОВАТЕЛИ ПИСТОЛЕТ-КАРАБИН', ''),
(9, 'ПИСТОЛЕТНЫЕ РУКОЯТКИ', ''),
(10, 'ТАКТИЧЕСКИЕ РУКОЯТКИ - ЦЕВЬЁ', ''),
(11, 'ТАКТИЧЕСКИЕ РУКОЯТКИ С КРЕПЛЕНИЕМ ФОНАРЯ', ''),
(12, 'СОШКИ', ''),
(13, 'БУФЕРНЫЕ ТРУБКИ', ''),
(14, 'ПРИКЛАДЫ', ''),
(15, 'ПРИКЛАДЫ С РУКОЯТКОЙ', ''),
(16, 'ПРИКЛАДЫ АК47 74 VZ58', ''),
(17, 'ПРИКЛАДЫ HK', ''),
(18, 'РЕЛЬСОВЫЕ СИСТЕМЫ', ''),
(19, 'КРЕПЛЕНИЯ ДЛЯ ЛАЗЕРА И ФОНАРЯ', ''),
(20, 'МАГАЗИНЫ', ''),
(21, 'КОМПЛЕКТУЮЩИЕ И МОДЕРНИЗАЦИЯ', ''),
(22, 'САМООБОРОНА И ПОДГОТОВКА', ''),
(23, 'БЕЗОПАСТНОСТЬ', ''),
(24, 'КОБУРЫ', ''),
(25, 'МИШЕНИ', '');

-- --------------------------------------------------------

--
-- Структура таблицы `links`
--

CREATE TABLE `links` (
  `id` int(128) NOT NULL,
  `weponId` int(128) NOT NULL,
  `productId` int(128) NOT NULL
) ENGINE=InnoDB DEFAULT CHARSET=utf8;

--
-- Дамп данных таблицы `links`
--

INSERT INTO `links` (`id`, `weponId`, `productId`) VALUES
(1, 36, 32),
(10, 27, 38),
(11, 32, 41),
(12, 33, 42),
(13, 34, 43),
(14, 24, 44),
(15, 30, 44),
(16, 31, 44),
(17, 24, 28),
(18, 25, 29),
(19, 29, 30),
(20, 7, 45),
(21, 9, 47),
(22, 5, 47),
(23, 13, 47),
(24, 5, 48),
(25, 13, 48),
(26, 9, 48),
(27, 7, 49),
(28, 6, 50),
(29, 5, 51),
(30, 13, 51),
(31, 16, 52),
(32, 17, 53),
(33, 15, 54),
(34, 36, 55),
(35, 4, 47),
(36, 4, 48),
(37, 36, 56),
(38, 9, 57),
(39, 5, 57),
(40, 4, 57),
(41, 11, 57),
(42, 5, 58),
(43, 4, 58),
(44, 9, 58),
(45, 11, 58),
(46, 16, 59),
(47, 4, 59),
(48, 11, 59),
(49, 5, 59),
(50, 9, 59),
(51, 5, 60),
(52, 4, 60),
(53, 9, 60),
(54, 11, 60),
(55, 16, 60),
(56, 4, 61),
(57, 11, 61),
(58, 9, 61),
(59, 5, 61),
(60, 16, 61),
(61, 5, 62),
(62, 4, 62),
(63, 11, 62),
(64, 9, 62),
(65, 5, 63),
(66, 11, 63),
(67, 9, 63),
(68, 4, 63),
(69, 9, 64),
(70, 24, 64),
(71, 4, 64),
(72, 5, 64),
(73, 11, 64),
(74, 5, 65),
(75, 9, 65),
(76, 4, 65),
(77, 11, 65),
(78, 16, 65),
(79, 11, 66),
(80, 9, 66),
(81, 4, 66),
(82, 5, 66),
(83, 16, 66),
(84, 11, 67),
(85, 5, 67),
(86, 9, 67),
(87, 4, 67),
(88, 16, 67),
(89, 25, 68),
(90, 24, 68),
(91, 9, 68),
(92, 5, 68),
(93, 17, 68),
(94, 16, 68),
(95, 4, 68),
(96, 4, 69),
(97, 5, 69),
(98, 9, 69),
(99, 11, 69),
(100, 5, 70),
(101, 11, 70),
(102, 9, 70),
(103, 4, 70),
(104, 7, 70),
(105, 16, 70),
(106, 5, 71),
(107, 18, 71),
(108, 4, 71),
(109, 11, 71),
(110, 16, 71),
(111, 17, 71),
(112, 5, 72),
(113, 11, 72),
(114, 9, 72),
(115, 4, 72),
(116, 18, 72),
(117, 16, 72),
(118, 5, 73),
(119, 11, 73),
(120, 9, 73),
(121, 18, 73),
(122, 16, 73),
(123, 4, 73),
(124, 5, 74),
(125, 11, 74),
(126, 9, 74),
(127, 4, 74),
(128, 18, 74),
(129, 17, 74),
(130, 16, 74),
(131, 5, 75),
(132, 18, 75),
(133, 11, 75),
(134, 9, 75),
(135, 4, 75),
(136, 17, 75),
(137, 16, 75),
(138, 5, 76),
(139, 18, 76),
(140, 17, 76),
(141, 16, 76),
(142, 11, 76),
(143, 9, 76),
(144, 4, 76),
(145, 5, 78),
(146, 11, 78),
(147, 9, 78),
(148, 16, 78),
(149, 17, 78),
(150, 4, 78),
(151, 5, 79),
(152, 11, 79),
(153, 9, 79),
(154, 4, 79),
(155, 16, 79),
(156, 17, 79),
(157, 5, 81),
(158, 11, 81),
(159, 9, 81),
(160, 4, 81),
(161, 16, 81),
(162, 17, 81),
(163, 5, 85),
(164, 8, 85),
(165, 4, 85),
(166, 11, 85),
(167, 5, 86),
(168, 4, 86),
(169, 11, 86),
(170, 5, 87),
(171, 4, 87),
(172, 11, 87),
(173, 5, 88),
(174, 11, 88),
(175, 4, 88),
(176, 5, 89),
(177, 4, 89),
(178, 11, 89),
(179, 24, 90),
(180, 24, 91),
(181, 24, 104),
(182, 16, 105),
(183, 5, 106),
(184, 9, 106),
(185, 4, 106),
(186, 5, 107),
(187, 4, 107),
(188, 18, 107),
(189, 11, 107),
(190, 7, 107),
(191, 5, 108),
(192, 7, 108),
(193, 4, 108),
(194, 11, 108),
(195, 5, 109),
(196, 7, 109),
(197, 11, 109),
(198, 4, 109);

-- --------------------------------------------------------

--
-- Структура таблицы `products`
--

CREATE TABLE `products` (
  `id` int(11) NOT NULL,
  `name` varchar(128) NOT NULL,
  `categoryId` int(128) NOT NULL,
  `firm` varchar(128) NOT NULL,
  `description` longtext NOT NULL,
  `advantages` longtext NOT NULL,
  `compatibility` longtext NOT NULL,
  `weight` varchar(128) NOT NULL,
  `color1` longtext,
  `color2` longtext,
  `color3` longtext,
  `color4` longtext,
  `width` varchar(128) DEFAULT NULL,
  `height` varchar(128) DEFAULT NULL,
  `length` varchar(128) DEFAULT NULL,
  `whepons` varchar(128) NOT NULL,
  `need` tinyint(1) NOT NULL,
  `length2` varchar(128) NOT NULL
) ENGINE=InnoDB DEFAULT CHARSET=utf8;

--
-- Дамп данных таблицы `products`
--

INSERT INTO `products` (`id`, `name`, `categoryId`, `firm`, `description`, `advantages`, `compatibility`, `weight`, `color1`, `color2`, `color3`, `color4`, `width`, `height`, `length`, `whepons`, `need`, `length2`) VALUES
(28, '2ND'' GEN PDW CONVERSION KIT FOR GLOCK 9MM', 8, 'KPOS G2 GLOCK 17/19', '<p><strong>Fab-defense KPOS G2 для Glock 17/19</strong> - преобразователь пистолет - карабин для пистолета автсрийской фирмы Glock.</p>\r\n<p><strong>Накладка K.P.O.S. на Глок 2-го</strong> <strong>поколения</strong> используется спортсменами и представителями военной элиты по всему миру в целях обеспечения максимальной боеспособности, производительности и универсальности. Это оружие используется в тайных операциях и близких боестолкновениях благодаря своей компактности.</p>', '<ul>\r\n<li>Рама изготовлена цельного куска заготовки 6061 T6 (жесткий анодированный алюминий)</li>\r\n<li>Удобный механизм зарядки и взведения затвора.</li>\r\n<li>Складные резиновые сошки Pad с регулируемыми углом наклона и высотой</li>\r\n<li>Съемный передний пламегаситель для глушителя&nbsp;</li>\r\n<li>Быстрая и простая установка не требует специальной модификации&nbsp;</li>\r\n<li>Может собираться непосредственно в руках, в положении стоя, и не требует наличия стола и других специальных устройств</li>\r\n<li>Включает в себя универсальную систему рельс для крепления различных приборов</li>\r\n<li>Отлично вентилируемая рама обеспечивает соответствующие тепловыделение&nbsp;</li>\r\n<li>Пожизненная гарантия</li>\r\n</ul>\r\n<p>&nbsp;</p>', '<div>\r\n<div>Глок (в том числе &laquo;С&raquo; и &laquo;Gen 4 - модели);</div>\r\n<div>\r\n<div>17, 18, 19, 22, 23, 25, 31, 32, 37, 38.</div>\r\n<div>34 &amp; 35 - требует предварительной ручной настройки и установки.</div>\r\n<div>21 &amp; 21 - требует замены задней панели, можно заказать отдельно</div>\r\n</div>\r\n</div>\r\n<div>&nbsp;</div>', '960', '#000', '0;display:none;', '0;display:none;', '0;display:none;', '59', '146', '370', '24', 1, '598'),
(29, '2ND'' GEN PDW CONVERSION KIT FOR GLOCK 0.45'''' MODELS', 8, 'KPOS G2 GLOCK 21', '<p><strong>Fab Defense KPOS G2 для GLOCK 21</strong> - преобразователь пистолет - карабин для пистолета автсрийской фирмы GLOCK.<br /><strong>Накладка K.P.O.S. на GLOCK 2-го поколения</strong> используется спортсменами и представителями военной элиты по всему миру в целях обеспечения максимальной боеспособности, производительности и универсальности. Это оружие используется в тайных операциях и близких боестолкновениях благодаря своей компактности.</p>', '<ul>\r\n<li>Рама изготовлена из цельного куска заготовки 6061 T6 (жесткий анодированный алюминий)</li>\r\n<li>Удобный механизм зарядки и взведения затвора.</li>\r\n<li>Складные резиновые сошки Pad с регулируемыми углом наклона и высотой</li>\r\n<li>Съемный передний пламегаситель для глушителя</li>\r\n<li>Быстрая и простая установка не требует специальной модификации</li>\r\n<li>Может собираться непосредственно в руках, в положении стоя, и не требует наличия стола и других специальных устройств</li>\r\n<li>Включает в себя универсальную систему рельс для крепления различных приборов</li>\r\n<li>Отлично вентилируемая рама обеспечивает соответствующие тепловыделение</li>\r\n<li>Пожизненная гарантия</li>\r\n</ul>', '<p>Глоки (в том числе &laquo;С&raquo; и &laquo;Gen 4&raquo; - модели);<br />20, 21, 21SF, 29, 30</p>', '960', '#000', '0;display:none;', '0;display:none;', '0;display:none;', '59', '146', '370', '25', 0, '598'),
(30, '2ND'' GEN PDW CONVERSION KIT FOR FN 5.7', 8, 'KPOS G2 FN 5.7', '<p><strong>Fab Defense KPOS G2 для FN 5.7</strong> - преобразователь пистолет - карабин для пистолета фирмы FN Herstal.<br /><strong>Накладка K.P.O.S. на FN Herstal 2-го поколения</strong> используется спортсменами и представителями военной элиты по всему миру в целях обеспечения максимальной боеспособности, производительности и универсальности. Это оружие используется в тайных операциях и близких боестолкновениях благодаря своей компактности.</p>', '<ul>\r\n<li>Рама изготовлена из цельного куска заготовки 6061 T6 (жесткий анодированный алюминий)</li>\r\n<li>Удобный механизм зарядки и взведения затвора.</li>\r\n<li>Складные резиновые сошки Pad с регулируемыми углом наклона и высотой</li>\r\n<li>Съемный передний пламегаситель для глушителя</li>\r\n<li>Быстрая и простая установка не требует специальной модификации</li>\r\n<li>Может собираться непосредственно в руках, в положении стоя, и не требует наличия стола и других специальных устройств</li>\r\n<li>Включает в себя универсальную систему рельс для крепления различных приборов</li>\r\n<li>Отлично вентилируемая рама обеспечивает соответствующие тепловыделение</li>\r\n<li>Пожизненная гарантия</li>\r\n</ul>', '<p>FN Herstal: 5.7</p>', '960', '#000', '0;display:none;', '0;display:none;', '0;display:none;', '59', '146', '370', '29', 1, '598'),
(31, '2ND'' GEN PDW CONVERSION KIT FOR JERICHO 941-F', 8, 'KPOS G2 JERICHO 941 F', '<p><strong>Fab Defense KPOS G2 для JERICHO 941 F</strong> - преобразователь пистолет - карабин для пистолета фирмы Jericho.<br /><strong>Накладка K.P.O.S. на Jericho 2-го поколения</strong> используется спортсменами и представителями военной элиты по всему миру в целях обеспечения максимальной боеспособности, производительности и универсальности. Это оружие используется в тайных операциях и близких боестолкновениях благодаря своей компактности.</p>', '<ul>\r\n<li>Рама изготовлена из цельного куска заготовки 6061 T6 (жесткий анодированный алюминий)</li>\r\n<li>Удобный механизм зарядки и взведения затвора.</li>\r\n<li>Складные резиновые сошки Pad с регулируемыми углом наклона и высотой</li>\r\n<li>Съемный передний пламегаситель для глушителя </li>\r\n<li>Быстрая и простая установка не требует специальной модификации </li>\r\n<li>Может собираться непосредственно в руках, в положении стоя, и не требует наличия стола и других специальных устройств</li>\r\n<li>Включает в себя универсальную систему рельс для крепления различных приборов</li>\r\n<li>Отлично вентилируемая рама обеспечивает соответствующие тепловыделение </li>\r\n<li>Пожизненная гарантия</li>\r\n</ul>', '<p>Jericho (Baby Eagle) Металлическая версия&nbsp;с Picatinny Rail; 941-F, 941-FS, 941-R</p>', '960', '#000', '0;display:none;', '0;display:none;', '0;display:none;', '59', '146', '370', '26', 0, '598'),
(33, '2ND'' GEN PDW CONVERSION KIT FOR JERICHO 941 (NO RAIL)', 8, 'KPOS G2 JERICHO 941 NR', '<p><strong>Fab Defense KPOS G2 для JERICHO 941 NR</strong>&nbsp;- преобразователь пистолет - карабин для пистолета фирмы IWI.<br /><strong>Накладка K.P.O.S. на IWI 2-го поколения</strong> используется спортсменами и представителями военной элиты по всему миру в целях обеспечения максимальной боеспособности, производительности и универсальности. Это оружие используется в тайных операциях и близких боестолкновениях благодаря своей компактности.</p>', '<ul>\r\n<li>Рама изготовлена из цельного куска заготовки 6061 T6 (жесткий анодированный алюминий)</li>\r\n<li>Удобный механизм зарядки и взведения затвора.</li>\r\n<li>Складные резиновые сошки Pad с регулируемыми углом наклона и высотой</li>\r\n<li>Съемный передний пламегаситель для глушителя </li>\r\n<li>Быстрая и простая установка не требует специальной модификации </li>\r\n<li>Может собираться непосредственно в руках, в положении стоя, и не требует наличия стола и других специальных устройств</li>\r\n<li>Включает в себя универсальную систему рельс для крепления различных приборов</li>\r\n<li>Отлично вентилируемая рама обеспечивает соответствующие тепловыделение </li>\r\n<li>Пожизненная гарантия</li>\r\n</ul>', '<ul>\r\n<li>Jericho 941 (Baby Eagle) Модели без Picatinny Rail</li>\r\n</ul>', '960', '#000', '0;display:none;', '0;display:none;', '0;display:none;', '59', '146', '370', '4', 0, '598'),
(38, '2ND'' GEN PDW CONVERSION KIT FOR POLYMER JERICHO', 8, 'KPOS G2 JERICHO 941 PL', '<p><strong>Fab Defense KPOS G2 для JERICHO 941 PL</strong> - преобразователь пистолет - карабин для пистолета фирмы IWI.<br /><strong>Накладка K.P.O.S. на IWI 2-го поколения</strong> используется спортсменами и представителями военной элиты по всему миру в целях обеспечения максимальной боеспособности, производительности и универсальности. Это оружие используется в тайных операциях и близких боестолкновениях благодаря своей компактности.</p>', '<ul>\r\n<li>Рама изготовлена из цельного куска заготовки 6061 T6 (жесткий анодированный алюминий)</li>\r\n<li>Удобный механизм зарядки и взведения затвора.</li>\r\n<li>Складные резиновые сошки Pad с регулируемыми углом наклона и высотой</li>\r\n<li>Съемный передний пламегаситель для глушителя</li>\r\n<li>Быстрая и простая установка не требует специальной модификации</li>\r\n<li>Может собираться непосредственно в руках, в положении стоя, и не требует наличия стола и других специальных устройств</li>\r\n<li>Включает в себя универсальную систему рельс для крепления различных приборов</li>\r\n<li>Отлично вентилируемая рама обеспечивает соответствующие тепловыделение</li>\r\n<li>Пожизненная гарантия</li>\r\n</ul>', '<ul>\r\n<li>IWI; 941-PL, 941-PSL</li>\r\n<li>Полимерные модели IMI</li>\r\n</ul>', '960', '#000', '0;display:none;', '0;display:none;', '0;display:none;', '59', '146', '370', '4', 0, '589'),
(39, '2ND'' GEN PDW CONVERSION KIT FOR SIG 226', 8, 'KPOS G2 SIG 226', '<p><strong>Fab Defense KPOS G2 для SIG 226</strong> - преобразователь пистолет - карабин для пистолета фирмы SIG SAUER.<br /><strong>Накладка K.P.O.S. на SIG 2-го поколения</strong> используется спортсменами и представителями военной элиты по всему миру в целях обеспечения максимальной боеспособности, производительности и универсальности. Это оружие используется в тайных операциях и близких боестолкновениях благодаря своей компактности.</p>', '<ul>\r\n<li>Рама изготовлена из цельного куска заготовки 6061 T6 (жесткий анодированный алюминий)</li>\r\n<li>Удобный механизм зарядки и взведения затвора.</li>\r\n<li>Складные резиновые сошки Pad с регулируемыми углом наклона и высотой</li>\r\n<li>Съемный передний пламегаситель для глушителя </li>\r\n<li>Быстрая и простая установка не требует специальной модификации </li>\r\n<li>Может собираться непосредственно в руках, в положении стоя, и не требует наличия стола и других специальных устройств</li>\r\n<li>Включает в себя универсальную систему рельс для крепления различных приборов</li>\r\n<li>Отлично вентилируемая рама обеспечивает соответствующие тепловыделение </li>\r\n<li>Пожизненная гарантия</li>\r\n</ul>', '<p>SIG SAUER P226 (With Picatinny Rail)&nbsp;Стандартные модели</p>', '960', '#000', '0;display:none;', '0;display:none;', '0;display:none;', '59', '146', '370', '4', 0, '598'),
(40, '2ND'' GEN PDW CONVERSION KIT FOR SIG 2022', 8, 'KPOS G2 SIG 2022', '<p><strong>Fab Defense KPOS G2 для SIG 2022</strong> - преобразователь пистолет - карабин для пистолета фирмы SIG SAUER.<br /><strong>Накладка K.P.O.S. на SIG 2-го поколения</strong> используется спортсменами и представителями военной элиты по всему миру в целях обеспечения максимальной боеспособности, производительности и универсальности. Это оружие используется в тайных операциях и близких боестолкновениях благодаря своей компактности</p>', '<ul>\r\n<li>Рама изготовлена из цельного куска заготовки 6061 T6 (жесткий анодированный алюминий)</li>\r\n<li>Удобный механизм зарядки и взведения затвора.</li>\r\n<li>Складные резиновые сошки Pad с регулируемыми углом наклона и высотой</li>\r\n<li>Съемный передний пламегаситель для глушителя </li>\r\n<li>Быстрая и простая установка не требует специальной модификации </li>\r\n<li>Может собираться непосредственно в руках, в положении стоя, и не требует наличия стола и других специальных устройств</li>\r\n<li>Включает в себя универсальную систему рельс для крепления различных приборов</li>\r\n<li>Отлично вентилируемая рама обеспечивает соответствующие тепловыделение </li>\r\n<li>Пожизненная гарантия</li>\r\n</ul>', '<p>SIG SAUER P2022 PRO</p>', '960', '#000', '0;display:none;', '0;display:none;', '0;display:none;', '59', '156', '370', '4', 0, '598'),
(41, '2ND'' GEN PDW CONVERSION KIT FOR CZ DUTY', 8, 'KPOS G2 CZ DUTY', '<p><strong>Fab Defense&nbsp;&nbsp;KPOS G2 для&nbsp;CZ DUTY</strong>&nbsp;- преобразователь пистолет - карабин для пистолета фирмы CZ.</p>\r\n<p><strong>Накладка K.P.O.S.&nbsp;на CZ&nbsp;2-го поколения</strong> используется спортсменами и представителями военной элиты по всему миру в целях обеспечения максимальной боеспособности, производительности и универсальности. Это оружие используется в тайных операциях и близких боестолкновениях благодаря своей компактности.</p>', '<ul>\r\n<li>Рама изготовлена из цельного куска заготовки 6061 T6 (жесткий анодированный алюминий)</li>\r\n<li>Удобный механизм зарядки и взведения затвора.</li>\r\n<li>Складные резиновые сошки Pad с регулируемыми углом наклона и высотой</li>\r\n<li>Съемный передний пламегаситель для глушителя </li>\r\n<li>Быстрая и простая установка не требует специальной модификации </li>\r\n<li>Может собираться непосредственно в руках, в положении стоя, и не требует наличия стола и других специальных устройств</li>\r\n<li>Включает в себя универсальную систему рельс для крепления различных приборов</li>\r\n<li>Отлично вентилируемая рама обеспечивает соответствующие тепловыделение </li>\r\n<li>Пожизненная гарантия</li>\r\n</ul>', '<p>CZ (Ceska zbrojovka) - DUTY</p>', '960', '#000', '0;display:none;', '0;display:none;', '0;display:none;', '59', '146', '370', '4', 0, '598'),
(42, '2ND'' GEN PDW CONVERSION KIT FOR SPRINGFIELD XD', 8, 'KPOS G2 XD', '<p><strong>Fab Defense KPOS G2 для XD</strong> - преобразователь пистолет - карабин для пистолета фирмы Springfield.<br /><strong>Накладка K.P.O.S. на XD 2-го поколения</strong> используется спортсменами и представителями военной элиты по всему миру в целях обеспечения максимальной боеспособности, производительности и универсальности. Это оружие используется в тайных операциях и близких боестолкновениях благодаря своей компактности.</p>', '<ul>\r\n<li>Рама изготовлена из цельного куска заготовки 6061 T6 (жесткий анодированный алюминий)</li>\r\n<li>Удобный механизм зарядки и взведения затвора.</li>\r\n<li>Складные резиновые сошки Pad с регулируемыми углом наклона и высотой</li>\r\n<li>Съемный передний пламегаситель для глушителя </li>\r\n<li>Быстрая и простая установка не требует специальной модификации </li>\r\n<li>Может собираться непосредственно в руках, в положении стоя, и не требует наличия стола и других специальных устройств</li>\r\n<li>Включает в себя универсальную систему рельс для крепления различных приборов</li>\r\n<li>Отлично вентилируемая рама обеспечивает соответствующие тепловыделение </li>\r\n<li>Пожизненная гарантия</li>\r\n</ul>', '<ul>\r\n<li>Springfield XD</li>\r\n<li>HS 2000</li>\r\n</ul>', '960', '#000', '0;display:none;', '0;display:none;', '0;display:none;', '59', '146', '370', '4', 0, '598'),
(43, '2ND'' GEN PDW CONVERSION KIT FOR BERETTA PX4', 8, 'KPOS G2 PX4', '<p><strong>Fab Defense KPOS G2 для PX4</strong> - преобразователь пистолет - карабин для пистолета фирмы Beretta.<br /><strong>Накладка K.P.O.S. на Beretta 2-го поколения</strong> используется спортсменами и представителями военной элиты по всему миру в целях обеспечения максимальной боеспособности, производительности и универсальности. Это оружие используется в тайных операциях и близких боестолкновениях благодаря своей компактности.</p>', '<ul>\r\n<li>Рама изготовлена из цельного куска заготовки 6061 T6 (жесткий анодированный алюминий)</li>\r\n<li>Удобный механизм зарядки и взведения затвора.</li>\r\n<li>Складные резиновые сошки Pad с регулируемыми углом наклона и высотой</li>\r\n<li>Съемный передний пламегаситель для глушителя </li>\r\n<li>Быстрая и простая установка не требует специальной модификации </li>\r\n<li>Может собираться непосредственно в руках, в положении стоя, и не требует наличия стола и других специальных устройств</li>\r\n<li>Включает в себя универсальную систему рельс для крепления различных приборов</li>\r\n<li>Отлично вентилируемая рама обеспечивает соответствующие тепловыделение </li>\r\n<li>Пожизненная гарантия</li>\r\n</ul>', '<p>All Beretta PX4 Models.</p>', '960', '#000', '0;display:none;', '0;display:none;', '0;display:none;', '59', '146', '370', '4', 0, '598'),
(44, 'PDW CONVERSION KIT FOR HANDGUN', 8, 'KPOS', '<p><strong>Fab Defense KPOS для пистолета</strong>&nbsp;- преобразователь пистолет - карабин для пистолета фирмы Beretta.<br /><strong>Накладка K.P.O.S.</strong> 2-го поколения используется спортсменами и представителями военной элиты по всему миру в целях обеспечения максимальной боеспособности, производительности и универсальности. Это оружие используется в тайных операциях и близких боестолкновениях благодаря своей компактности.</p>', '<ul>\r\n<li>Рама изготовлена из цельного куска заготовки 6061 T6 (жесткий анодированный алюминий)</li>\r\n<li>Удобный механизм зарядки и взведения затвора.</li>\r\n<li>Складные резиновые сошки Pad с регулируемыми углом наклона и высотой</li>\r\n<li>Съемный передний пламегаситель для глушителя </li>\r\n<li>Быстрая и простая установка не требует специальной модификации </li>\r\n<li>Может собираться непосредственно в руках, в положении стоя, и не требует наличия стола и других специальных устройств</li>\r\n<li>Включает в себя универсальную систему рельс для крепления различных приборов</li>\r\n<li>Отлично вентилируемая рама обеспечивает соответствующие тепловыделение </li>\r\n<li>Пожизненная гарантия</li>\r\n</ul>', '<ul>\r\n<li>Glock 17/17L/19/22/23/34/35</li>\r\n<li>Glock 18</li>\r\n<li>Glock 21</li>\r\n<li>Sig 226 (standard model only with under-rail)</li>\r\n<li>Sig 2022 (Pro)</li>\r\n</ul>', '760', '#000', '0;display:none;', '0;display:none;', '0;display:none;', '56', '140', '345', '4', 0, '550'),
(45, 'RUBBERIZED ERGONOMIC M4/M16/AR15 PISTOL GRIP', 9, 'AGR-43', '<p><strong>Рукоятка Fab Defense AGR-43</strong> является новейшей разработкой. <strong>AGR-43</strong> оснащенна мульти-текстурированной резиной повышающей сцепление. В <strong>AGR-43</strong> добавлено еще больше комфорта и надлежащей вентиляции необходимой в сильную жару и высокую влажность, что дает преимущество при ее использовании.</p>', '<ul>\r\n<li>MIL-SPEC, усилена полимерным композитом с резиновой Multi-текстурой и улучшенным покрытием OVERMOLD</li>\r\n<li>Сочетает в себе три различно текстурированных резины; Ребро покрыто шипами, для пальцев использована текстура &laquo;Alligator &raquo;, по сторонам текстурирована &laquo;Moon Surface&raquo;</li>\r\n<li>Резиновая Multi-текстура обеспечивает превосходный комфорт, оснащена соответствующей вентиляцией, предотвращает скольжение и снижает потение ладони</li>\r\n<li>Finger Swelts and a Backstrap Shape Design обеспечивает улучшенное сцепление, даже во влажном состоянии</li>\r\n<li>Расширение Beavertail для улучшения контроля</li>\r\n<li>Встроенный отсек для батареи с надежной задвижкой на петлях</li>\r\n</ul>', '<ul>\r\n<li>M-16 / SR-25&nbsp;/ &nbsp;AR-15 variants</li>\r\n</ul>', '130', '#000', '#465539', '#A09E84', '0;display:none;', '33', '127', '83', '4', 1, ''),
(46, 'M16 / M4 / AR15 TACTICAL ERGONOMIC PISTOL GRIP', 9, 'AG-43', '<p><strong>Рукоятка Fab Defense AG-43</strong> &nbsp;улучшает сцепление, уменьшает скольжение и снижает усталость запястья, повышает общий контроль при последовательной стрельбе.</p>', '<ul>\r\n<li>Углубления для пальцев для повышения сцепления, даже во влажном состоянии</li>\r\n<li>Расширения Beavertail для улучшения контроля</li>\r\n<li>Встроенный отсек для батареи с надежной задвижкой на петлях</li>\r\n<li>MIL-SPEC&nbsp;усилена полимерным композитом</li>\r\n</ul>', '<ul>\r\n<li>M-16 / SR-25&nbsp;/&nbsp; AR-10 / AR-15 Variants</li>\r\n</ul>', '96', '#000', '#465539', '#A09E84', '0;display:none;', '33', '127', '83', '4', 0, ''),
(47, 'AK-47/74 ERGONOMIC PISTOL GRIP', 9, 'AG-47', '<p>Эргономичная <strong>Рукоятка Fab Defense AG-47/74</strong> обеспечит расширенный тактический захват для винтовок &nbsp;<strong>АК-47</strong> и <strong>АК-74</strong>.</p>', '<ul>\r\n<li>Расширенная эргономичная конструкция предотвращает усталость запястья и гарантирует надежное сцепление при повышенной влажности</li>\r\n<li>Встроенный отсек со съемным мягким держателем батареи</li>\r\n<li>MIL-SPEC - усилена полимерным композитом</li>\r\n</ul>', '<ul>\r\n<li>АК-47/74, АКС-74У (КРИНКОВ), Galil Models</li>\r\n</ul>', '114', '#000', '#465539', '#A09E84', '0;display:none;', '33', '108', '83', '4', 0, ''),
(48, 'RUBBERIZED ERGONOMIC AK/AKM PISTOL GRIP', 9, 'AGR-47', '<p><strong>Рукоятка Fab Defense AGR-47</strong> является новейшей разработкой. <strong>AG-R47</strong> оснащенна мульти-текстурированной резиной повышающей сцепление. В <strong>AGR-47</strong> добавлено еще больше комфорта и надлежащей вентиляции необходимой в сильную жару и высокую влажность, что дает преимущество при ее использовании.</p>', '<ul>\r\n<li>MIL-SPEC -&nbsp;усилена полимерным композитом с резиновой мульти-текстурой и улучшенным покрытием OVERMOLD</li>\r\n<li>Сочетает в себе три различно текстурированных резины; Ребро покрыто шипами, для пальцев использована текстура &laquo;Alligator &raquo;, по сторонам текстурирована &laquo;Moon Surface&raquo;</li>\r\n<li>Резиновая мульти-текстура обеспечивает превосходный комфорт, оснащена соответствующей вентиляцией, предотвращает скольжение и снижает потение ладони</li>\r\n<li>Finger Swelts and a Backstrap Shape Design обеспечивает улучшенное сцепление, даже во влажном состоянии</li>\r\n<li>Расширение Beavertail для улучшения контроля</li>\r\n<li>Встроенный отсек для батареи с надежной задвижкой на петлях</li>\r\n</ul>', '<ul>\r\n<li>АК-47/74, АКС-74У ''КРИНКОВ'', Galil Models&nbsp;&nbsp;</li>\r\n</ul>', '120', '#000', '#465539', '#A09E84', '0;display:none;', '33', '109', '80', '4', 0, ''),
(49, 'TACTICAL FOLDING PISTOL GRIP FOR-M16-M4-AR15', 9, 'AGF-43S', '<p>Уникальная тактическая&nbsp;складная пистолетная рукоятка<strong> Fab Defense AGF-43S</strong> для <strong>M16-M4-AR15</strong> обеспечивает удобное развертывание и сокрытие. Удобна для различного хранения и переноски в оружейной кобуре.</p>', '<ul>\r\n<li>Из вертикального положения трансформируется в горизонтально расположенную рукоятку</li>\r\n<li>Подходит для ношения оружия в оружейной кобуре и для установки на оружейную стойку</li>\r\n<li>Обеспечивает наиболее легкую маневренность, удобна для тайной работы и сокрытия</li>\r\n<li>Легкое и быстрое развертывание</li>\r\n<li>Кнопка быстрого складывания / развертывания</li>\r\n<li>Сделана из усиленного полимерного композита</li>\r\n</ul>', '<ul>\r\n<li>M-16 / SR-25&nbsp;/ &nbsp;AR-15 Variants</li>\r\n</ul>', '119', '#000', '#465539', '#A09E84', '0;display:none;', '33', '127', '83', '4', 0, ''),
(50, 'SA. VZ. 58 PISTOL GRIP', 9, 'AG-58', '<p>Пистолетная эргономичная рукоятка с отсеком для батареи&nbsp;FAB&nbsp;Defense&nbsp;для <strong>SA. VZ. 58</strong>&nbsp;- <strong>AG58.</strong></p>', '<ul>\r\n<li>Идеально подходит для тактических винтовок.</li>\r\n<li>Текстурированная рукоятка для улучшенного сцепления.</li>\r\n<li>Водонепроницаемый отсек для батареи.</li>\r\n<li>Изготовлена из высокопрочного полимера.</li>\r\n</ul>', '<ul>\r\n<li>SA VZ.58</li>\r\n</ul>', '113', '#000', '#465539', '#A09E84', '0;display:none;', '33', '110', '83', '4', 0, ''),
(51, 'SNIPER PISTOL GRIP', 9, 'SG-1', '<p><strong>Снайперская рукоятка Fab Defense SG-1</strong>&nbsp;для AK-47/74&nbsp;предоставит вам повышенный комфорт и превосходную тактическую производительность.</p>', '<ul>\r\n<li>Заменяет стандартную пистолетную рукоятку обеспечивая повышенный комфорт и операционный контроль</li>\r\n<li>Расширенный эргономичный дизайн</li>\r\n<li>Регулируемый захват</li>\r\n<li>Легко настраивается под различные размеры рук</li>\r\n<li>Оказывает давление на ладонь для более удобного нажатия курка</li>\r\n<li>Прочный материал и удобный дизайн</li>\r\n</ul>', '<ul>\r\n<li>AK-47/74</li>\r\n<li>Galil Models&nbsp;</li>\r\n</ul>', '218', '#000', '0;display:none;', '0;display:none;', '0;display:none;', '71', '118', '105', '4', 0, '130'),
(52, 'REMINGTON 870 PISTOL GRIP', 9, 'AGR-870', '<p><strong>Рукоятка Fab Defense AGR870</strong> для ружья <strong>Remington</strong> улучшает эксплуатационные тактические характеристики.</p>', '<ul>\r\n<li>Эргономичный дизайн Rock Solid One Piece</li>\r\n<li>Cпециальная текстура препятствующая скольжению</li>\r\n<li>Изготовлена из качественных материалов усиленных полимерным композитом</li>\r\n<li>Усиливает фиксацию ружья</li>\r\n<li>Эффективна при противодействии отдаче</li>\r\n<li>Обеспечивает повышенную производительность при наведении на цель</li>\r\n<li>Простая установка не требующая переделки оружия</li>\r\n<li>Оснащена водозащищенным отсеком для батареи</li>\r\n</ul>', '<ul>\r\n<li>&nbsp;Remington 870</li>\r\n</ul>', '155', '#000', '#465539', '#A09E84', '0;display:none;', '44', '153', '65', '4', 0, ''),
(53, 'MOSSBERG 500 PISTOL GRIP', 9, 'AGM-500', '<p><strong>Пистолетная рукоятка Fab Defense AGM-500</strong> для ружья Mossberg 500 способствует лучшему захвату оружия, добавляет отсек для хранения и повышает стабильность при использовании.</p>', '<ul>\r\n<li>Улучшает контакт пальца и спускового курка</li>\r\n<li>Заменяет обычную рукоять в усовершенствованный тип пистолетной рукоятки</li>\r\n<li>Эргономичный дизайн State-of-the-Art</li>\r\n<li>Изготовлена из прочных и износостойких материалов</li>\r\n<li>Встроенный отсек для хранения батареи</li>\r\n</ul>', '<ul>\r\n<li>Mossberg 500</li>\r\n</ul>', '134', '#000', '#465539', '#A09E84', '0;display:none;', '47', '142', '68', '4', 0, ''),
(54, 'FN FAL ERGONOMIC PISTOL GRIP', 9, 'AG-FAL', '<p><strong>Пистолетная рукоятка Fab Defense AG-FAL</strong>&nbsp;для FN FAL способствует лучшему захвату оружия, добавляет отсек для хранения и повышает стабильность при использовании.</p>', '<ul>\r\n<li>Улучшает контакт пальца и спускового курка</li>\r\n<li>Заменяет обычную рукоять в усовершенствованный тип пистолетной рукоятки</li>\r\n<li>Эргономичный дизайн State-of-the-Art</li>\r\n<li>Изготовлена из прочных и износостойких материалов</li>\r\n<li>Встроенный отсек для хранения батаре</li>\r\n</ul>', '<ul>\r\n<li>FN FAL</li>\r\n</ul>', '88', '#000', '#465539', '#A09E84', '0;display:none;', '34', '109', '80', '4', 0, ''),
(55, '1911 POLYMER GRIPS', 9, 'G-1911', '<p><strong>Рукоятка Fab Defense G-1911</strong> для пистолета 1911 усилена полимерным композитом, обеспечивает удобный и прочный захват.</p>', '<ul>\r\n<li>Подходит для пистолета 1911 и большинства клонов</li>\r\n<li>Легкая установка не требующая специальных навыков оружейника</li>\r\n<li>Текстурированная отделка для предотвращения скольжения</li>\r\n<li>Легкий вес - изготовлена с использованием полимерного композита</li>\r\n</ul>', '<ul>\r\n<li>1911 Variants</li>\r\n</ul>', '26', '#000', '0;display:none;', '0;display:none;', '0;display:none;', '13', '103', '38', '4', 0, ''),
(56, '1911 MAG-WELL GRIP', 9, 'WG-1911', '<p><strong>Рукоятка Fab Defense&nbsp;WG1911&nbsp;</strong>для пистолета 1911 усилена полимерным композитом, обеспечивает удобный и прочный захват.</p>', '<ul>\r\n<li>Mag-Well Funnel обеспечивает более легкую и удобную перезарядку</li>\r\n<li>Подходит для пистолета 1911 и большинства клонов</li>\r\n<li>Легкая установка не требующая специальных навыков оружейника</li>\r\n<li>Текстурированная отделка для предотвращения скольжения</li>\r\n<li>Легкий вес - изготовлена с использованием полимерного композита</li>\r\n</ul>', '<ul>\r\n<li>1911 Variants</li>\r\n</ul>', '34', '#000', '0;display:none;', '0;display:none;', '0;display:none;', '32', '105', '38', '4', 0, ''),
(57, 'VERSATILE TACTICAL SUPPORT', 10, 'VTS', '<p><strong>Fab Defense "VTS"</strong> - новая универсальная тактическая поддержка предоставляет универсальные решения для различного позиционирования передней рукоятки повышая комфорт и точность.<br /> <br />Эта эргономичная поддержка может быть размещена на самых разнообразных тактических позициях для обеспечения идеального операционного превосходства принимая во внимание идеальную компактную конфигурации.</p>', '<ul>\r\n<li>Обеспечивает оптимальную персональную конфигурацию вашей винтовки</li>\r\n<li>Устанавливается на все 1913 планки Пикатинни</li>\r\n<li>Улучшает контроль над оружием и эргономику</li>\r\n<li>Обеспечивает безопасное и эффективное использование в экстремальных условиях</li>\r\n<li>Может быть использована с PTK для поддержки большого пальца</li>\r\n<li>Комплект из 2-х штук</li>\r\n</ul>', '<ul>\r\n<li>Все 1913 MIL-STD Picatinny rails</li>\r\n</ul>', '21', '#000', '#465539', '#A09E84', '0;display:none;', '35', '34', '42', '4', 0, ''),
(58, 'ERGONOMIC POINTING GRIP', 10, 'PTK', '<p><strong>Fab Defense PTK&nbsp;</strong>- эргономичная указывающая рукоятка концептуализирующая в своем дизайне уникальные навыки специальных подразделений обеспечивающих естественное указывающее позиционирование при инстинктивных методах стрельбы, которое повышает точность, скорость и общую тактическую производительность.</p>', '<ul>\r\n<li>Обеспечивает естественное указывающее позиционирование рукоятки для различных методов стрельбы</li>\r\n<li>Инновационный современный дизайн</li>\r\n<li>Обеспечивает оптимальную тактическую поддержку предотвращая усталость, повышает точность при долгосрочной стрельбе</li>\r\n<li>Поддерживает естественную стойку</li>\r\n<li>Обеспечивает гибкое позиционирование для оптимального комфорта</li>\r\n<li>Сделана из цельного куска чрезвычайно прочного полимерного композита</li>\r\n<li>Встроенный дополнительный отсек для комплекта очистки или запасного аккумулятора</li>\r\n<li>Может быть использована с VTS для оптимальной поддержки</li>\r\n</ul>', '<ul>\r\n<li>Все планки 1913 MIL-STD Picatinny</li>\r\n</ul>', '60', '#000', '#465539', '#A09E84', '0;display:none;', '34', '61', '130', '4', 0, ''),
(59, 'QUICK RELEASE ERGONOMIC FOREGRIP', 10, 'AG-44S', '<p>Быстросъемная суперлегкая эргономичная вертикальная рукоятка <strong>Fab Defense AG-44S</strong> обеспечивает улучшенное тактическое позиционирование, при этом добавляя минимум веса вашему оружию.</p>\r\n<div>&nbsp;</div>', '<ul>\r\n<li>Обеспечивает естественную фиксацию вашей винтовки при боевой стойке</li>\r\n<li>Захват под небольшим углом для противодействия отдачи</li>\r\n<li>Встроенный удобные отсек для хранения</li>\r\n<li>Улучшает производительность реакции, наведение на цель и управление во время ближнего боя</li>\r\n<li>Mil-Spec Усиленная полимерным композитом, Суперлегкий вес</li>\r\n<li>Легко устанавливается и надежна - кнопка быстрого сброса</li>\r\n<li>Доступна в черном и двух камуфляжных цветах: оливковый зеленый и загар пустыни</li>\r\n</ul>', '<ul>\r\n<li>Рельсовые системы Picatinny или&nbsp;Weaver</li>\r\n</ul>', '113', '#000', '#465539', '#A09E84', '0;display:none;', '33', '116', '85', '4', 0, ''),
(60, 'TACTICAL VERTICAL FOREGRIP', 10, 'TAL-4', '<p>Тактическая вертикальная рукоять <strong>Fab Defense TAL-4</strong> предназначена для стандартной (нижней) планки Picatinny. Двухсторонний переключатель включения фонарика (опционально), обеспечивает удобное управление вашим тактическим фонарем делая TAL 4 идеальным аксессуаром для тактического обновления.</p>', '<ul>\r\n<li>Качественный дизайн предотвращающий скольжение</li>\r\n<li>Двухсторонний переключатель</li>\r\n<li>Внутренний водостойкий батарейный отсек</li>\r\n<li>Механизм быстрого освобождения и безопасная система крепления</li>\r\n<li>Пружинный механизм блокировки обеспечивает бесшумное открытие батарейного отсека</li>\r\n<li>Разработана в соответствии со стандартом Пикатинни</li>\r\n<li>Долговечная, износостойкая и легкая конструкция из полимеров</li>\r\n<li>Устанавливается самостоятельно, не требует модификаций и специальных навыков оружейника</li>\r\n<li>Доступна в черном и двух камуфляжных цветах: оливковый зеленый и загар пустыни</li>\r\n</ul>', '<ul>\r\n<li>Рельсовые системы Picatinny</li>\r\n</ul>', '134', '#000', '#465539', '#A09E84', '0;display:none;', '40', '119', '65', '4', 0, ''),
(61, 'RUBBERIZED ERGONOMIC FOREGRIP', 10, 'REG', '<p><strong>Fab Defense REG</strong>&nbsp;- прорезиненная эргономичная тактическая рукоятка.</p>', '<ul>\r\n<li>Уникальная удобная текстура и гладкий контур для улучшенного удерживания</li>\r\n<li>Компактный дизайн предотвращающий скольжение для использования с перчатками или без</li>\r\n<li>Повышает общую тактическую универсальность, Совместима с 1913 Picatinny</li>\r\n<li>Удобный водонепроницаемый отсек для батарей, комплекта для чистки и т.д.</li>\r\n<li>Безопасное крепление с прочным QD болтом блокировки</li>\r\n<li>Сделана с применением высокого качества латекса и композитных материалов армированных полимером</li>\r\n<li>Доступна в черном и двух камуфляжных цветах: оливковый зеленый и загар пустыни</li>\r\n</ul>', '<ul>\r\n<li>Рельсовые системы Picatinny</li>\r\n</ul>', '138', '#000', '#465539', '#A09E84', '0;display:none;', '47', '119', '54', '4', 0, ''),
(62, 'RUBBERIZED STOUT GRIP', 10, 'RSG', '<p><strong>Fab Defense RSG -</strong> новая современная прорезиненная утолщенная тактическая рукоятка.</p>', '<ul>\r\n<li>Поставляется с двумя размерами колпачка отсека расширения 31mm/4.37in, который усиливает удерживание рукоятки, а также обеспечивает дополнительное место для хранения</li>\r\n<li>Ребристая текстура Аллигатор противодействующая скольжению в эргономичном прорезиненном дизайне тактической вертикальной рукоятки для улучшения удерживания</li>\r\n<li>Использование сменных - планок Пикатинни или PTT Option<br />Повышает производительность добавляя вашему оружию прочную и утолщенную тактическую рукоять со стандартной (боковой) планкой Пикатинни или PTT Option</li>\r\n<li>Может вращаться на 180 градусов для симметричного использования</li>\r\n<li>Утолщенная конструкция обеспечивает наиболее компактным оружейный стиль CQB</li>\r\n<li>Внутренний водонепроницаемый отсек с винтовым колпачком для хранения мелких запасных частей или батареи</li>\r\n<li>Долговечная, износостойкая и легкая прорезиненная конструкция усиленная полимером</li>\r\n<li>Устанавливается самостоятельно, не требует модификаций и специальных навыков оружейника<br />Пожизненная гарантия</li>\r\n<li>Доступна в черном и двух камуфляжных цветах: оливковый зеленый и загар пустыниПоставляется с двумя размерами колпачка отсека расширения 31mm/4.37in, который усиливает удерживание рукоятки, а также обеспечивает дополнительное место для хранения</li>\r\n<li>Ребристая текстура Аллигатор противодействующая скольжению в эргономичном прорезиненном дизайне тактической вертикальной рукоятки для улучшения удерживания<br />Использование сменных - планок Пикатинни или PTT Option</li>\r\n<li>Повышает производительность добавляя вашему оружию прочную и утолщенную тактическую рукоять со стандартной (боковой) планкой Пикатинни или PTT Option</li>\r\n<li>Может вращаться на 180 градусов для симметричного использования<br />Утолщенная конструкция обеспечивает наиболее компактным оружейный стиль CQB</li>\r\n<li>Внутренний водонепроницаемый отсек с винтовым колпачком для хранения мелких запасных частей или батареи</li>\r\n<li>Долговечная, износостойкая и легкая прорезиненная конструкция усиленная полимером</li>\r\n<li>Устанавливается самостоятельно, не требует модификаций и специальных навыков оружейника</li>\r\n<li>Пожизненная гарантия</li>\r\n<li>Доступна в черном и двух камуфляжных цветах: оливковый зеленый и загар пустыни</li>\r\n</ul>', '<ul>\r\n<li>Рельсовые системы Picatinny</li>\r\n</ul>', '122', '#000', '#465539', '#A09E84', '0;display:none;', '52', '100', '78', '4', 0, '118'),
(63, 'HANDGUN AND RIFLE TACTICAL FOLDING FOREGRIP', 10, 'FGG-S', '<p>Эта гладкая тактическая складная рукоять<strong> Fab Defense FGG-S</strong> обеспечивает быстрое изменение положения рукоятки с горизонтального на вертикальное, повышая вашу тактическую универсальность.</p>', '<ul>\r\n<li>Быстро трансформируется из горизонтальной рукоятки в вертикальную рукоятку</li>\r\n<li>Легкий и быстрый механизм Установки / Снятие</li>\r\n<li>Современный эргономичный дизайн добавляет комфорта</li>\r\n<li>Сделана из армированного полимерного композита</li>\r\n<li>Подходит для всех стандартных планок Пикатинни</li>\r\n<li>Подходит для большинства пистолетов с передней направляющей планкой Пикатинни</li>\r\n<li>Доступна в черном и двух камуфляжных цветах: загар пустыни, оливковый зеленый</li>\r\n</ul>', '<ul>\r\n<li>Рельсовые системы Picatinny</li>\r\n</ul>', '151', '#000', '#465539', '#A09E84', '0;display:none;', '44', '71', '139', '4', 0, '89'),
(64, 'INTERGRATED FOLDING FOREGRIP AND TRIGGER GUARD', 10, 'FGGK-S', '<p>Двухпозиционная тактическая рукоятка <strong>Fab Defense FGGK</strong> переходит по нажатию кнопки из вертикального в горизонтальное положение, включает выдвижную спусковую скобу для повышения безопасности вашего оружия и обеспечивает тактический вариант естественной "боевой стойки".</p>', '<ul>\r\n<li>Спусковая скоба повышает безопасность вашего оружия, обеспечивая безопасный перенос</li>\r\n<li>Обеспечивает быстрое и легкое управление</li>\r\n<li>Легко устанавливается на стрелковое оружие и закрепляется на планку для аксессуаров двумя болтами</li>\r\n<li>Подходит для цевья оснащенного системой Weaver или Пикатинни</li>\r\n<li>Не требует специальных навыков оружейника</li>\r\n<li>Изготовлена из усиленного полимерного композита, суперлегкая</li>\r\n</ul>', '<ul>\r\n<li>Рельсовые системы Picatinny или&nbsp;Weaver</li>\r\n</ul>', '104', '#000', '#465539', '#A09E84', '0;display:none;', '32', '38', '153', '4', 0, '63'),
(65, '7 POS. VERTICALLY FOLDING FOREGRIP', 10, 'T-FL', '<p>Семипозиционная тактическая складная рукоять <strong>Fab Defense TFL</strong> быстро трансформируется из горизонтальной рукоятки в вертикальную, чем повышает общую тактическую универсальность оружия.</p>', '<ul>\r\n<li>Включает 7 различных положений рукоятки для разнообразных тактических вариантов стрельбы</li>\r\n<li>Включает монтаж ''Slip on and Side'' на планку Пикатинни</li>\r\n<li>Современный эргономичный дизайн</li>\r\n<li>Изготовлена из армированного полимерного композита</li>\r\n<li>Удобный отсек для хранения</li>\r\n</ul>', '<ul>\r\n<li>Рельсовые системы Пикатинни</li>\r\n</ul>', '123', '#000', '#465539', '#A09E84', '0;display:none;', '38', '110', '65', '4', 0, ''),
(66, '7 POS. QUICK RELEASE VERTICALLY FOLDING FOREGRIP', 10, 'T-FL QR', '<p>Семипозиционная быстросъемная тактическая складная рукоятка <strong>Fab Defense TFL-QR</strong> обеспечивает превосходную универсальность стандартным функциям цевья.</p>', '<ul>\r\n<li>Легко устанавливается и быстро снимается</li>\r\n<li>Компактная передняя складная рукоятка устанавливается под 7 различными углами,</li>\r\n<li>включая вертикальное и горизонтальное положение</li>\r\n<li>Улучшает естественную фиксацию боевой стойки</li>\r\n<li>Включает в себя удобный отсек для хранения</li>\r\n<li>Улучшает производительность реакции, время наведения на цель, управление во время ближнего боя</li>\r\n<li>Mil-Spec Усиленная Полимерным композитом, Суперлегкий вес</li>\r\n</ul>', '<ul>\r\n<li>Рельсовые системы Пикатинни</li>\r\n</ul>', '115', '#000', '#465539', '#A09E84', '0;display:none;', '43', '110', '61', '4', 0, ''),
(67, '7 POS HORIZONTAL FOLDING FOREGRIP', 10, 'T-FS', '<p>Улучшенный вариант передней рукоятки &mdash; это новая тактическая складная рукоятка <strong>Fab Defense TFS</strong>, которая добавляет дополнительную универсальность при удерживании вашего оружия спереди, усиливая общий контроль.</p>\r\n<p>Она может быть быстро преобразована в регулируемую вертикальная рукоятку включающую до 7 различных положений для тактической стрельбы и обеспечивающую дополнительный безопасный вариант передней рукоятки.</p>', '<ul>\r\n<li>Быстро трансформируется в регулируемую переднюю рукоятку</li>\r\n<li>Повышает общий контроль над оружием</li>\r\n<li>Отлично подходит для различного позиционирования на местности</li>\r\n<li>Встроенный водонепроницаемый отсек для хранения батарей</li>\r\n</ul>', '<ul>\r\n<li>Рельсовые системы Пикатинни</li>\r\n</ul>', '112', '#000', '#465539', '#A09E84', '0;display:none;', '45', '113', '51', '4', 0, ''),
(68, 'INTEGRATED FOLDING FOREGRIP AND TRIGGER GUARD', 10, 'FGGK-S', '<p>Двухпозиционная тактическая рукоятка<strong> Fab Defense FGGK</strong> переходит по нажатию кнопки из вертикального в горизонтальное положение, включает выдвижную спусковую скобу для повышения безопасности вашего оружия и обеспечивает тактический вариант естественной "боевой стойки"</p>', '<ul>\r\n<li>Спусковая скоба повышает безопасность вашего оружия, обеспечивая безопасный перенос</li>\r\n<li>Обеспечивает быстрое и легкое управление</li>\r\n<li>Легко устанавливается на стрелковое оружие и закрепляется на планку для аксессуаров двумя болтами</li>\r\n<li>Подходит для цевья оснащенного системой Weaver или Пикатинни</li>\r\n<li>Не требует специальных навыков оружейника</li>\r\n<li>Изготовлена из усиленного полимерного композита, суперлегкий вес</li>\r\n</ul>', '<p>Рельсовые системы&nbsp;Weaver или&nbsp;Picatinny</p>', '104', '#000', '#465539', '#A09E84', '0;display:none;', '42', '38', '153', '4', 0, '63'),
(69, 'QUICK RELEASE T-POD GENERATION 2', 10, 'T-POD G2 QR', '<p>Рукоять &ndash; сошка<strong> Fab Defense T-POD G2 QR</strong> включает в себя тактическую рукоять, которая по нажатию кнопки быстро превращается в полнофункциональную сошку.</p>', '<ul>\r\n<li>Широкий угол открытия сошки обеспечивает устойчивость</li>\r\n<li>Полнофункциональная сошка, предназначенная для точной стрельбы, включает в себя встроенную вертикальную тактическую рукоять</li>\r\n<li>Создана для стрелков, которые работают в городской местности</li>\r\n<li>Эргономичное цевье основано на популярном сцеплении TAL-4 со встроенной кнопкой для трансформирования в сошку повышенной устойчивости</li>\r\n<li>Сошка регулируется по высоте / для каждой ноги независимо</li>\r\n<li>Крепление включает Captive Quick-Release Wingnuts</li>\r\n<li>Изготовлена из авиационного алюминия, стали и MIL-SPEC. Усилена полимерным композитом</li>\r\n</ul>', '<p>Рельсовые системы Picatinny or Weaver</p>', '296', '#000', '#465539', '#A09E84', '0;display:none;', '44', '148', '70', '4', 0, '210'),
(70, 'ROTATING TACTICAL FOREGRIP & BIPOD', 10, 'T-POD G2', '<p>Рукоять &ndash;сошка<strong> FAB Defense T-POD-G2</strong> в новом уникальном дизайне, совмещающая в себе тактическую рукоятку и полнофункциональную сошку для оружия.</p>', '<ul>\r\n<li>Универсальные поворотные и наклонные функции</li>\r\n<li>Уникальный регулируемый узел крепления</li>\r\n<li>Универсальная крепежная направляющая для любого огнестрельного оружия оснащенного стандартной (нижней) планкой Пикатинни</li>\r\n<li>Независимые настройки сошек, до 5 различных установок длины для пересеченной местности</li>\r\n<li>Сошки сделаны из алюминия 6061-T6 с твердым анодированным покрытием</li>\r\n<li>Прочная и легкая конструкция из полимера</li>\r\n<li>Простая установка не требующая специальных навыков оружейника</li>\r\n</ul>', '<ul>\r\n<li>Рельсовые системы&nbsp;Picatinny</li>\r\n</ul>', '359', '#000', '#465539', '#A09E84', '0;display:none;', '63', '157', '63', '4', 0, '210'),
(71, 'COMBINED FORGRIP AND SPARE MAGAZINE HOLDER', 10, 'MG-20', '<p>Уникальное тактическое устройство <strong>Fab Defense MG-20</strong> 2-в-1 служит как цевье и является пеналом&nbsp;для запасного магазина, повышая тактическую эффективность при размещении дополнительного магазина на оружии и способствует быстрой замене магазина.</p>', '<ul>\r\n<li>Подходит для всех стандартных планок Пикатинни</li>\r\n<li>Специфическая конструкция повышает тактическую универсальность оружия</li>\r\n<li>Крепление Quick-Release для легкого монтажа и демонтажа</li>\r\n<li>Безопасная система блокировки болтов</li>\r\n<li>Долговечная, износостойкая и легкая конструкция из полимера</li>\r\n<li>Современный эргономичный дизайн и простота установки</li>\r\n</ul>', '<p>Рельсовые системы&nbsp;Picatinny</p>', '79', '#000', '#465539', '#A09E84', '0;display:none;', '33', '82', '90', '4', 0, ''),
(72, 'QUICK RELEASE-TACTICAL FOREGRIP BIPOD T-POD', 10, 'T-POD QR', '<p>Рукоять &ndash; сошка<strong> Fab Defense T-POD QR</strong> - &laquo;Quick Release&raquo; представляет собой полнофункциональную сошку, предназначенную для точной стрельбы, встроенную в вертикальную рукоятку.</p>', '<ul>\r\n<li>Quick Release - быстро снимается</li>\r\n<li>Предназначена для стрелков, которые работают в городской местности</li>\r\n<li>Эргономичное цевье основано на популярном сцеплении TAL-4</li>\r\n<li>По нажатию кнопки рукоятка превращается в прочную сошку</li>\r\n<li>Сошка независимо регулируется по высоте</li>\r\n<li>Широко развернутая стойка обеспечивает стабильность</li>\r\n<li>Крепление включает Captive Quick-Release Wingnuts</li>\r\n<li>Изготовлена из авиационного алюминия, стали и MIL-SPEC усилена полимерным композитом</li>\r\n</ul>', '<p>Рельсовые системы&nbsp;Picatinny</p>', '335', '#000', '#465539', '#A09E84', '0;display:none;', '50', '157', '70', '4', 0, '218'),
(73, 'TACTICAL FOREGRIP-BIPOD', 10, 'T-POD', '<p>Рукоять&ndash;сошка <strong>Fab Defense T-POD</strong> включает в себя тактическая рукоять, которая по нажатию кнопки быстро превращается в полнофункциональную сошку.</p>', '<ul>\r\n<li>Независимые настройки сошки с 5-ю различными установками длины</li>\r\n<li>Регулируемые ножки изготовлены из анодированного алюминия 6061-T6 с твердым покрытием для долговечности</li>\r\n<li>Уникальный двойной дизайн кнопки исключает случайное развертывание сошки</li>\r\n<li>Вентилируемый дизайн исключающий скольжение и потение ладони</li>\r\n<li>Возможна установка тактического фонаря</li>\r\n<li>Включает в себя механизм быстрого развертывания и замок для блокировки</li>\r\n<li>Изготовлена из прочных и легких полимеров</li>\r\n<li>Простая установка не требующая специальных навыков оружейника</li>\r\n</ul>', '<ul>\r\n<li>Рельсовые системы Picatinny</li>\r\n</ul>', '347', '#000', '#465539', '#A09E84', '0;display:none;', '45', '163', '70', '4', 0, '230'),
(74, '2ND GEN BIPOD-FOREGRIP WITH BUILT-IN TACTICAL LIGHT', 10, 'T-POD SL', '<p>Рукоять &ndash; сошка<strong> Fab Defense T-POD SL</strong> оснащена встроенным тактическим фонарем в 100 люмен и сочетает три необходимых аксессуара в одном компактном и легком устройстве.</p>', '<ul>\r\n<li>Интеграция тактической рукояти, сошки и тактического фонаря упрощает использование оружия и экономит ценное пространство</li>\r\n<li>Предназначена для стрелков, которые работают в городской местности, в условиях перехода от ближнего боя к дальнему</li>\r\n<li>Эргономичное цевье основано на популярном сцеплении TAL-4</li>\r\n<li>Встроенный переключатель Tailcap активизирует работу фонаря<br />По нажатию кнопки тактическая рукоятка превращается в прочную сошку</li>\r\n<li>Ноги независимо регулируемые по высоте</li>\r\n<li>Широко развернутая стойка обеспечивает стабильность</li>\r\n<li>Двойной переключатель Switch Cavity Mounts with Quick Release Button и дополнительное винтовое крепление</li>\r\n<li>Изготовлена из авиационного алюминия, стали и MIL-SPEC усилена полимерным композитом</li>\r\n<li>Поставляется с Тактической защитой SPL-C</li>\r\n</ul>', '<p>Рельсовые системы&nbsp;Picatinny</p>', '390', '#000', '#465539', '#A09E84', '0;display:none;', '44', '148', '155', '4', 0, '210'),
(75, '3 IN 1: FOREGRIP FLASHLIGHT HOLDER & BI-POD G2', 10, 'TPOD G2 FA', '<p>Рукоять - сошка<strong> Fab Defense TPOD G2 FA</strong> 3 в 1: тактическая рукоять, фонарик и сошка. Fab Defense TPOD G2 FA включает в себя три необходимые тактические функции в одном устройстве.</p>', '<ul>\r\n<li>Новая сигнальная черная кнопка консолидирует и упрощает активацию развертывания</li>\r\n<li>Ноги могут быть независимо отрегулированы до 5 разных положений длины</li>\r\n<li>По нажатию кнопки превращается из тактической рукояти в полностью развернутую сошку</li>\r\n<li>Сошка сделана из анодированного алюминия 6061-T6 с твердым покрытием</li>\r\n<li>Уникальный дизайн двойной кнопки исключает вероятность не развертывания сошки в тяжелых условиях</li>\r\n<li>Вентилируемый дизайн исключающий скольжение и потение руки</li>\r\n<li>Переключатель Tailcap, для большого пальца руки, активизирует работу фонаря и позволяет облегчить сигнальные операции</li>\r\n<li>Изготовлена из долговечных, износостойких и легких материалов усиленных полимером</li>\r\n<li>Протестирована для работы с весом до 250 lbs./115kg.</li>\r\n</ul>', '<p>Рельсовые системы Picatinny</p>', '345', '#000', '#465539', '#A09E84', '0;display:none;', '44', '148', '135', '4', 0, '211'),
(76, 'TACTICAL FOREGRIP AND 1” WEAPON LIGHT ADAPTER WITH REAR ON/OFF', 10, 'T-GRIP-R', '<p><strong>Fab Defense T-GRIP-R -</strong>&nbsp;Это уникальная тактическая рукоятка с переключателем ON / OFF расположенным в задней части рукоятки позволяет оператору установить 1 дюймовый тактический фонарь или лазер.</p>', '<ul>\r\n<li>Защищенный выключатель для предотвращения случайного включения света</li>\r\n<li>Эргономичный дизайн вертикальной рукоятки со встроенным отделением для хранения аккумуляторов, набора для очитски и т.д.</li>\r\n<li>Расположенный сзади переключатель для активации</li>\r\n<li>Крепление Quick Release для мгновенного безопасного использования оружия</li>\r\n<li>Дополнительное винтовое крепление для постоянной установки</li>\r\n<li>Mil-Spec Усиленная полимерным композитом</li>\r\n</ul>', '<p>Рельсовые системы&nbsp;Picatinny</p>', '200', '#000', '#465539', '#A09E84', '0;display:none;', '37', '126', '148', '4', 0, '');
INSERT INTO `products` (`id`, `name`, `categoryId`, `firm`, `description`, `advantages`, `compatibility`, `weight`, `color1`, `color2`, `color3`, `color4`, `width`, `height`, `length`, `whepons`, `need`, `length2`) VALUES
(77, 'INTEGRATED FOREGRIP & LIGHT HOLDER', 10, 'T-GRIP', '<p><strong>Fab Defense T-GRIP</strong> объединяет тактическую рукоять и держатель тактического фонаря предоставляя вам три в одном устройстве: специальная рукоятка и крепление фонаря со встроенным спусковым крючком.</p>', '<ul>\r\n<li>Включает в себя тактический фонарь и вертикальную тактическую рукоять</li>\r\n<li>Это уникальная эргономичная тактическая рукоять отлично ложится в руку, удерживая тактический фонарь размером диаметра до 1 " с переключателем Tailcap для удобной и естественной быстрой активации</li>\r\n<li>Удобный эргономичный дизайн корпуса, подойдет для вашей естественной "Боевой стойки"</li>\r\n<li>Подходит для фонаря диаметром до 1 " и позволяет быстро, и легко активировать</li>\r\n<li>Легкая установка, крепится 2-мя болтами</li>\r\n<li>Не требует специальных навыков оружейника</li>\r\n<li>Отлита из усиленного полимерного композита, Суперлегкий вес</li>\r\n</ul>', '<p>Рельсовые системы&nbsp;Picatinny</p>', '200', '#000', '#465539', '#A09E84', '0;display:none;', '37', '126', '148', '4', 0, ''),
(78, '2ND GEN BIPOD-FOREGRIP WITH BUILT-IN TACTICAL LIGHT', 10, 'T-POD G2 SL', '<p>Рукоять &ndash; сошка<strong> Fab Defense T-POD SL</strong> оснащена встроенным тактическим фонарем в 100 люмен и сочетает три необходимых аксессуара в одном компактном и легком устройстве.</p>', '<ul>\r\n<li>Интеграция тактической рукояти, сошки и тактического фонаря упрощает использование оружия и экономит ценное пространство</li>\r\n<li>Предназначена для стрелков, которые работают в городской местности, в условиях перехода от ближнего боя к дальнему</li>\r\n<li>Эргономичное цевье основано на популярном сцеплении TAL-4</li>\r\n<li>Встроенный переключатель Tailcap активизирует работу фонаря</li>\r\n<li>По нажатию кнопки тактическая рукоятка превращается в прочную сошку</li>\r\n<li>Ноги независимо регулируемые по высоте</li>\r\n<li>Широко развернутая стойка обеспечивает стабильность</li>\r\n<li>Двойной переключатель Switch Cavity Mounts with Quick Release Button и дополнительное винтовое крепление</li>\r\n<li>Изготовлена из авиационного алюминия, стали и MIL-SPEC усилена полимерным композитом</li>\r\n<li>Поставляется с Тактической защитой SPL-C</li>\r\n</ul>', '<p>Рельсовые системы Picatinny</p>', '390', '#000', '#465539', '#A09E84', '0;display:none;', '44', '163', '155', '4', 0, '210'),
(79, '3 IN ONE: FOREGRIP FLASHLIGHT HOLDER & BIPOD', 10, 'T-POD FA', '<p>Рукоять - сошка<strong> Fab Defense TPOD G2 FA</strong> 3 в 1: тактическая рукоять, фонарик и сошка. Fab Defense TPOD G2 FA включает в себя три необходимые тактические функции в одном устройстве.</p>', '<ul>\r\n<li>Новая сигнальная черная кнопка консолидирует и упрощает активацию развертывания</li>\r\n<li>Ноги могут быть независимо отрегулированы до 5 разных положений длины</li>\r\n<li>По нажатию кнопки превращается из тактической рукояти в полностью развернутую сошку</li>\r\n<li>Сошка сделана из анодированного алюминия 6061-T6 с твердым покрытием</li>\r\n<li>Уникальный дизайн двойной кнопки исключает вероятность не развертывания сошки в тяжелых условиях</li>\r\n<li>Вентилируемый дизайн исключающий скольжение и потение руки</li>\r\n<li>Переключатель Tailcap, для большого пальца руки, активизирует работу фонаря и позволяет облегчить сигнальные операции</li>\r\n<li>Быстро подключается / отделяется - Picatinny Rail Systems&nbsp;</li>\r\n<li>Изготовлена из долговечных, износостойких и легких материалов усиленных полимером</li>\r\n<li>Протестирована для работы с весом до 250 lbs./115kg.</li>\r\n</ul>', '<p>Рельсовые системы&nbsp;Picatinny</p>', '384', '#000', '#465539', '#A09E84', '0;display:none;', '44', '148', '135', '4', 1, '211'),
(80, 'POTATO SHAPED FOREGRIP HOLDS ANY 1'' OR 1&1/8'' DIAMETER FLASHLIGHT', 10, 'MIKI', '<p>Тактическая рукоять <strong>Fab Defense MIKI Potato</strong> выполненная в форме картофелины, оснащена специальной ручкой и креплением тактического фонаря.</p>', '<ul>\r\n<li>Эргономичный захват, комфортна и естественна в использовании</li>\r\n<li>Эта уникальная тактическая рукоять прекрасно впишется в вашу руку</li>\r\n<li>Предназначена для установки любых 1 или 1/8 дюймовых фонарей (различных моделей), а также позволяет быстро и легко ими управлять</li>\r\n<li>Легко устанавливается на огнестрельном оружии. Крепится к планке на 1 болт</li>\r\n<li>Фонарик устанавливается в креплении с уникальной системой быстрого съема</li>\r\n<li>Простая установка не требующая специальных навыков оружейника&nbsp;</li>\r\n<li>Усилена полимерным композитом</li>\r\n<li>Супер легкий вес</li>\r\n</ul>', '<ul>\r\n<li>Рельсовые системы&nbsp;Picatinny</li>\r\n</ul>', '157', '#000', '#465539', '#A09E84', '0;display:none;', '50', '77', '151', '4', 0, ''),
(81, 'TWO-POSITION FOREGRIP & FLASHLIGHT MOUNT', 10, 'FFA-T4', '<p><strong>Fab Defense FFA-T4</strong> двухпозиционная тактическая рукоять и крепление фонаря INOVA трансформируется из вертикального в горизонтальное положение по нажатию кнопки, а также предоставляет тактические варианты для вашей естественной "боевой стойки"</p>', '<ul>\r\n<li>Предназначена для установки любых тактических фонарей диаметром 1 " и обеспечивает быстрое и легкое управление</li>\r\n<li>Легко устанавливается на огнестрельном оружии. Крепится к рельсе для аксессуаров 2-мя болтами</li>\r\n<li>Обеспечивает быструю установку и снятие фонаря предоставляя реальное преимущество при использовании аккумуляторных фонарей</li>\r\n<li>Два отверстия на боковых сторонах с боковыми переключателями обеспечивают симметричное использование фонаря</li>\r\n<li>Не требует специальных навыков оружейника</li>\r\n<li>Отлитая из усиленного полимерного композита, Суперлегкий вес</li>\r\n</ul>', '<ul>\r\n<li>Рельсовые системы&nbsp;Picatinny</li>\r\n</ul>', '191', '#000', '#465539', '#A09E84', '0;display:none;', '45', '77', '141', '4', 0, '143'),
(83, 'ROTATING TACTICAL FOREGRIP & BIPOD', 12, 'T-POD G2', '<p>Рукоять &ndash;сошка<strong> FAB Defense T-POD-G2</strong> в новом уникальном дизайне, совмещающая в себе тактическую рукоятку и полнофункциональную сошку для оружия.</p>', '<ul>\r\n<li>Универсальные поворотные и наклонные функции</li>\r\n<li>Уникальный регулируемый узел крепления</li>\r\n<li>Универсальная крепежная направляющая для любого огнестрельного оружия оснащенного стандартной (нижней) планкой Пикатинни</li>\r\n<li>Независимые настройки сошек, до 5 различных установок длины для пересеченной местности</li>\r\n<li>Сошки сделаны из алюминия 6061-T6 с твердым анодированным покрытием</li>\r\n<li>Прочная и легкая конструкция из полимера</li>\r\n<li>Простая установка не требующая специальных навыков оружейника</li>\r\n</ul>', '<ul>\r\n<li>Рельсовые системы&nbsp;Picatinny</li>\r\n</ul>', '359', '#000', '#465539', '#A09E84', '0;display:none;', '63', '157', '63', '4', 0, '210'),
(84, 'QUICK RELEASE T-POD GENERATION 2', 12, 'T-POD G2 QR', '<p>Рукоять &ndash; сошка<strong> Fab Defense T-POD G2 QR</strong> включает в себя тактическую рукоять, которая по нажатию кнопки быстро превращается в полнофункциональную сошку.</p>', '<ul>\r\n<li>Широкий угол открытия сошки обеспечивает устойчивость</li>\r\n<li>Полнофункциональная сошка, предназначенная для точной стрельбы, включает в себя встроенную вертикальную тактическую рукоять</li>\r\n<li>Создана для стрелков, которые работают в городской местности</li>\r\n<li>Эргономичное цевье основано на популярном сцеплении TAL-4 со встроенной кнопкой для трансформирования в сошку повышенной устойчивости</li>\r\n<li>Сошка регулируется по высоте / для каждой ноги независимо</li>\r\n<li>Крепление включает Captive Quick-Release Wingnuts</li>\r\n<li>Изготовлена из авиационного алюминия, стали и MIL-SPEC. Усилена полимерным композитом</li>\r\n</ul>', '<p>Рельсовые системы Picatinny or Weaver</p>', '296', '#000', '#465539', '#A09E84', '0;display:none;', '44', '148', '70', '4', 0, '210'),
(85, 'REINFORCED POLYMER AK47 BUFFER-TUBE', 13, 'RBT-K47', '<p>Полимерная армированная трубка&nbsp;RBT-K47 для AK47, ВПО-133 и ВПО-136</p>', '<ul>\r\n<li>Не требует специальных навыков оружейника для установки</li>\r\n<li>Изготовлена из усиленного облегченного полимерного композита</li>\r\n</ul>', '<ul>\r\n<li>AK-47</li>\r\n<li>Вепрь</li>\r\n<li>Сайга</li>\r\n</ul>', '145', '#000', '0;display:none;', '0;display:none;', '0;display:none;', '34', '42', '209', '4', 1, ''),
(86, 'RECOIL REDUCING AK-74 BUFFER-TUBE', 13, 'SBT-K47', '<p><strong>Буферная трубка у</strong><strong>меньшающая отдачу Fab Defense SBT-K47</strong> преобразует приклад&nbsp;AK 47/74 ОЕМ в складной приклад M16/M4</p>', '<ul>\r\n<li>Буфер внутри приемника устраняет шум и стук</li>\r\n<li>Дизайн болтов для удобного крепления, устанавливается на любой штампованный приемник, без сверления отверстий&nbsp;</li>\r\n<li>Совместима с АК-47/74</li>\r\n<li>Выполнена под небольшим углом для оптимального выравнивания прицела</li>\r\n<li>Не требует специальных навыков оружейника&nbsp;</li>\r\n<li>Изготовлена из усиленного полимерного композита</li>\r\n<li>Облегченная&nbsp;</li>\r\n<li>Супер прочная конструкция</li>\r\n<li>8 позиций установки для соответствующего расположения</li>\r\n<li>Уменьшающий отдачу буфер повышает точность и удержание цели во время быстрого огня&nbsp;</li>\r\n</ul>\r\n<div><strong>&nbsp;</strong></div>\r\n<div><strong>Отказ от ответственности:</strong></div>\r\n<div>&nbsp;</div>\r\n<ul>\r\n<li>При использовании амортизирующие системы приклада, строго запрещается прикасаться выше открытой части амортизирующий трубки (с акцентом на щеку стрелка)</li>\r\n</ul>', '<ul>\r\n<li>AK-47/74</li>\r\n</ul>', '157', '#000', '0;display:none;', '0;display:none;', '0;display:none;', '34', '43', '208', '4', 1, ''),
(87, 'AK47 10 ROUNDS POLYMER MAGAZINE', 20, 'ULTIMAG AK 10R', '<p><strong>Полимерный магазин Fab Defense ULTIMAG AK 10R</strong></p>', '<ul>\r\n<li>Разбирается вручную, без применения инструментов</li>\r\n<li>Прочный, легкий, сделанный армированного полимера&nbsp;</li>\r\n<li>Изготовлен из прочного и легкого полимерного композита и стали&nbsp;</li>\r\n<li>Магазин на 10 патронов 7.62x39.</li>\r\n<li>Устойчив к экстремальным условиями эксплуатации.</li>\r\n</ul>', '<p>AK&nbsp;7.62x39</p>', '105', '#000', '#465539', '#A09E84', '0;display:none;', '32', '107', '73', '4', 0, ''),
(88, 'AK47/74 7.62X39 30 ROUNDS POLYMER MAGAZINE', 20, 'ULTIMAG AK 30R', '<p><strong>Полимерный магазин Fab Defense ULTIMAG AK 30R</strong></p>', '<ul>\r\n<li>Разбирается вручную, без применения инструментов</li>\r\n<li>Прочный, легкий, сделанный армированного полимера&nbsp;</li>\r\n<li>Изготовлен из прочного и легкого полимерного композита и стали&nbsp;</li>\r\n<li>Магазин на 30 патронов 7.62x39.</li>\r\n<li>Устойчив к экстремальным условиями эксплуатации.</li>\r\n</ul>', '<ul>\r\n<li>AK&nbsp;7.62x39</li>\r\n<li>ВПО-136</li>\r\n<li>ВПО-133</li>\r\n</ul>', '166', '#000', '#465539', '#A09E84', '0;display:none;', '35', '214', '81', '4', 1, ''),
(89, 'AK SURVIVAL BUTTSTOCK W/ ''BUILT-IN'' MAG CARRIER', 16, 'GK-MAG', '<p><strong>Приклад &lsquo;SURVIVAL&rsquo; Fab Defense GK-MAG</strong> со встроенным отсеком магазина для AK47/АК74/САЙГА&nbsp;.</p>', '<ul>\r\n<li>Гладкий дизайн без выступающих частей</li>\r\n<li>Подходят все стандартные размеры магазинов AK</li>\r\n<li>Предоставит вам тактическое преимущество при замене магазин</li>\r\n<li>Уникальный рычаг обратного позиционирования включает кнопку быстрого сброса</li>\r\n<li>Не мешает и не изменяет позиционирование "Приклад к плечу"</li>\r\n<li>Комплексное симметричное быстрое отсоединение</li>\r\n<li>Идеально подходит для Mil-Spec и коммерческих труб Aftermarket</li>\r\n<li>Изготовлен с Mil-Spec усилен полимерным композитом&nbsp;</li>\r\n</ul>', '<ul>\r\n<li>AK47</li>\r\n<li>АК74</li>\r\n<li>САЙГА&nbsp;</li>\r\n</ul>', '473', '#000', '#465539', '#A09E84', '0;display:none;', '44', '160', '180', '4', 0, ''),
(90, 'GLOCK 9MM LEVEL 2 RETENTION HOLSTER', 24, 'G-9R', '<p><strong>SCORPUS G-9R</strong> является надежной и инновационной кобурой 2 поколения для Glock, которая идеально подходит для вашего оружия. К вашим услугам уникальная система двойной фиксации. Эта инновационная система была специально предназначена для быстрого извлечения и безопасной переноски.</p>', '<ul>\r\n<li>Обеспечивает превосходную защиту пистолета</li>\r\n<li>Тонкий и компактный дизайн для переноски пистолета</li>\r\n<li>2-точечная система фиксаторов для быстрого извлечения и безопасной переноски</li>\r\n<li>Вкладка давление Anti-погремушка для плотной и безопасной посадки</li>\r\n<li>Есть возможность регулировки угла 35 градусов</li>\r\n<li>Материал: прочное армированное стекловолокно и полимерный композит</li>\r\n</ul>', '<p>GLOCK 9mm</p>', '131', '#000', '#465539', '#A09E84', '0;display:none;', '48', '113', '85', '4', 0, ''),
(91, 'GLOCK 9MM LEVEL 1 HOLSTER', 25, 'G-9', '<p><strong>SCORPUS G-9</strong> является надежной и инновационной кобурой 1 поколения для Glock, которая идеально подходит для вашего оружия.&nbsp;К вашим услугам уникальная система двойной фиксации.&nbsp;Эта инновационная система была специально предназначена для быстрого извлечения и безопасной переноски.</p>', '<ul>\r\n<li>Обеспечивает превосходную защиту пистолета</li>\r\n<li>Тонкий и компактный дизайн для переноски пистолета</li>\r\n<li>2-точечная система фиксаторов для быстрого извлечения и безопасной переноски</li>\r\n<li>Вкладка давление Anti-погремушка для плотной и безопасной посадки</li>\r\n<li>Есть возможность регулировки угла 35 градусов</li>\r\n<li>Материал: прочное армированное стекловолокно и полимерный композит</li>\r\n</ul>', '<p>GLOCK 9mm</p>', '138', '#000', '#465539', '#A09E84', '0;display:none;', '48', '113', '85', '4', 0, ''),
(92, 'MAKAROV PM/PPM LEVEL 2 RETENTION HOLSTER', 24, 'MAKAROV R', '<p><strong>Кабура&nbsp;Fab-Defense MAKAROV R</strong>&nbsp;для пистолета Макаров.</p>', '', '<ul>\r\n<li>Макаров</li>\r\n</ul>', '121', '#000', '#465539', '#A09E84', '0;display:none;', '42', '105', '78', '4', 1, ''),
(93, 'MAKAROV PM/PPM LEVEL 1 HOLSTER', 24, 'MAKAROV', '<p><strong>Кабура&nbsp;Fab-Defense MAKAROV R</strong>&nbsp;для пистолета Макаров.</p>', '', '<ul>\r\n<li>Макаров</li>\r\n</ul>', '124', '#000', '#465539', '#A09E84', '0;display:none;', '42', '105', '78', '4', 0, ''),
(94, 'PRESSURE POINT RESTRAINING TOOL', 23, 'FCP', '', '', '', '42', '#000', '0;display:none;', '0;display:none;', '0;display:none;', '9', '150', '62', '4', 0, ''),
(95, 'PRESSURE POINT FORCE-MULTIPLIER', 23, 'KOBOTAN', '', '', '', '18', '#000', '0;display:none;', '0;display:none;', '0;display:none;', '17', '', '130', '4', 0, ''),
(96, 'LETTER OPENER', 22, 'LO', '', '', '', '30', '#000', '#465539', '#A09E84', '0;display:none;', '34', '22', '205', '4', 0, ''),
(97, 'PRESSURE POINT FORCE-MULTIPLIER', 22, 'KOBOTAN', '', '', '', '18', '#000', '0;display:none;', '0;display:none;', '0;display:none;', '17', '130', '', '4', 0, ''),
(98, 'PRESSURE POINT RESTRAINING TOOL', 22, 'FCP', '', '', '', '42', '#000', '0;display:none;', '0;display:none;', '0;display:none;', '9', '150', '62', '4', 0, ''),
(99, 'LESS-LETHAL SELF-DEFENSE TOOL', 22, 'GOTCHA CAP', '', '', '', '112', '#000', '#465539', '#A09E84', 'url(data:image/jpeg;base64,/9j/4QTQRXhpZgAATU0AKgAAAAgADAEAAAMAAAABAZAAAAEBAAMAAAABAQsAAAECAAMAAAADAAAAngEGAAMAAAABAAIAAAESAAMAAAABAAEAAAEVAAMAAAABAAMAAAEaAAUAAAABAAAApAEbAAUAAAABAAAArAEoAAMAAAABAAIAAAExAAIAAAAeAAAAtAEyAAIAAAAUAAAA0odpAAQAAAABAAAA6AAAASAACAAIAAgACvyAAAAnEAAK/IAAACcQQWRvYmUgUGhvdG9zaG9wIENTNiAoV2luZG93cykAMjAxNTowNTowMSAyMDo1Nzo0MwAAAAAEkAAABwAAAAQwMjIxoAEAAwAAAAH//wAAoAIABAAAAAEAAAAooAMABAAAAAEAAAAZAAAAAAAAAAYBAwADAAAAAQAGAAABGgAFAAAAAQAAAW4BGwAFAAAAAQAAAXYBKAADAAAAAQACAAACAQAEAAAAAQAAAX4CAgAEAAAAAQAAA0oAAAAAAAAASAAAAAEAAABIAAAAAf/Y/+0ADEFkb2JlX0NNAAL/7gAOQWRvYmUAZIAAAAAB/9sAhAAMCAgICQgMCQkMEQsKCxEVDwwMDxUYExMVExMYEQwMDAwMDBEMDAwMDAwMDAwMDAwMDAwMDAwMDAwMDAwMDAwMAQ0LCw0ODRAODhAUDg4OFBQODg4OFBEMDAwMDBERDAwMDAwMEQwMDAwMDAwMDAwMDAwMDAwMDAwMDAwMDAwMDAz/wAARCAAZACgDASIAAhEBAxEB/90ABAAD/8QBPwAAAQUBAQEBAQEAAAAAAAAAAwABAgQFBgcICQoLAQABBQEBAQEBAQAAAAAAAAABAAIDBAUGBwgJCgsQAAEEAQMCBAIFBwYIBQMMMwEAAhEDBCESMQVBUWETInGBMgYUkaGxQiMkFVLBYjM0coLRQwclklPw4fFjczUWorKDJkSTVGRFwqN0NhfSVeJl8rOEw9N14/NGJ5SkhbSVxNTk9KW1xdXl9VZmdoaWprbG1ub2N0dXZ3eHl6e3x9fn9xEAAgIBAgQEAwQFBgcHBgU1AQACEQMhMRIEQVFhcSITBTKBkRShsUIjwVLR8DMkYuFygpJDUxVjczTxJQYWorKDByY1wtJEk1SjF2RFVTZ0ZeLys4TD03Xj80aUpIW0lcTU5PSltcXV5fVWZnaGlqa2xtbm9ic3R1dnd4eXp7fH/9oADAMBAAIRAxEAPwDBx8mplgsBa8N1iY+a1X+g+twsc3a9vuDiAdpXP2UvO1zDuIPGkqdr35NodluFbgA31CzkfytipnGCQQf4qlIjcfwdOjE6TYXCkMuPcFxMf1Wn81LOHpsa5mK2/sTA9oH0f7KzK7q8d4LW13OBDmWEOBB/k/RVyvq1ljtr62AnkyYPlCEoSBvWQH7xREg6bFqu6k50SwM28BoEfcUk+S2p+m0MJ0BJmD8SkneivlXVK6sfY//QxsW3EfWBcGNsk6kQCp5bKK6i1tRtkSQLA0t8Ofd7lnV/QsVTL/5Wf8Wf9S1URXF1TK+jfqvroaC6ur3N4e1zj/nlVLbWvlxqFZJkFstaPLYVYs+ifitSz+gt+X8FIN9tfNYa6OLX6NrALcg1meC0uEfyXSkoZn9Id8Ek7W+tf4PCj+XW3//Z/+0MkFBob3Rvc2hvcCAzLjAAOEJJTQQEAAAAAAAPHAFaAAMbJUccAgAAAkRoADhCSU0EJQAAAAAAEEVaIYOmK6Z6KfH2F4RgnE44QklNBDoAAAAAAPcAAAAQAAAAAQAAAAAAC3ByaW50T3V0cHV0AAAABQAAAABQc3RTYm9vbAEAAAAASW50ZWVudW0AAAAASW50ZQAAAABJbWcgAAAAD3ByaW50U2l4dGVlbkJpdGJvb2wAAAAAC3ByaW50ZXJOYW1lVEVYVAAAAAEAAAAAAA9wcmludFByb29mU2V0dXBPYmpjAAAAFQQfBDAEQAQwBDwENQRCBEAESwAgBEYEMgQ1BEIEPgQ/BEAEPgQxBEsAAAAAAApwcm9vZlNldHVwAAAAAQAAAABCbHRuZW51bQAAAAxidWlsdGluUHJvb2YAAAAJcHJvb2ZDTVlLADhCSU0EOwAAAAACLQAAABAAAAABAAAAAAAScHJpbnRPdXRwdXRPcHRpb25zAAAAFwAAAABDcHRuYm9vbAAAAAAAQ2xicmJvb2wAAAAAAFJnc01ib29sAAAAAABDcm5DYm9vbAAAAAAAQ250Q2Jvb2wAAAAAAExibHNib29sAAAAAABOZ3R2Ym9vbAAAAAAARW1sRGJvb2wAAAAAAEludHJib29sAAAAAABCY2tnT2JqYwAAAAEAAAAAAABSR0JDAAAAAwAAAABSZCAgZG91YkBv4AAAAAAAAAAAAEdybiBkb3ViQG/gAAAAAAAAAAAAQmwgIGRvdWJAb+AAAAAAAAAAAABCcmRUVW50RiNSbHQAAAAAAAAAAAAAAABCbGQgVW50RiNSbHQAAAAAAAAAAAAAAABSc2x0VW50RiNQeGxAUgAAAAAAAAAAAAp2ZWN0b3JEYXRhYm9vbAEAAAAAUGdQc2VudW0AAAAAUGdQcwAAAABQZ1BDAAAAAExlZnRVbnRGI1JsdAAAAAAAAAAAAAAAAFRvcCBVbnRGI1JsdAAAAAAAAAAAAAAAAFNjbCBVbnRGI1ByY0BZAAAAAAAAAAAAEGNyb3BXaGVuUHJpbnRpbmdib29sAAAAAA5jcm9wUmVjdEJvdHRvbWxvbmcAAAAAAAAADGNyb3BSZWN0TGVmdGxvbmcAAAAAAAAADWNyb3BSZWN0UmlnaHRsb25nAAAAAAAAAAtjcm9wUmVjdFRvcGxvbmcAAAAAADhCSU0D7QAAAAAAEABIAAAAAQACAEgAAAABAAI4QklNBCYAAAAAAA4AAAAAAAAAAAAAP4AAADhCSU0EDQAAAAAABAAAAB44QklNBBkAAAAAAAQAAAAeOEJJTQPzAAAAAAAJAAAAAAAAAAABADhCSU0nEAAAAAAACgABAAAAAAAAAAI4QklNA/UAAAAAAEgAL2ZmAAEAbGZmAAYAAAAAAAEAL2ZmAAEAoZmaAAYAAAAAAAEAMgAAAAEAWgAAAAYAAAAAAAEANQAAAAEALQAAAAYAAAAAAAE4QklNA/gAAAAAAHAAAP////////////////////////////8D6AAAAAD/////////////////////////////A+gAAAAA/////////////////////////////wPoAAAAAP////////////////////////////8D6AAAOEJJTQQIAAAAAAAQAAAAAQAAAkAAAAJAAAAAADhCSU0EHgAAAAAABAAAAAA4QklNBBoAAAAAA2EAAAAGAAAAAAAAAAAAAAAZAAAAKAAAABYAMQAzADcANAA3ADkAMwAxADcAMQA2ADMAMwBfAGIAdQBsAGwAZQB0AGkAbgAAAAEAAAAAAAAAAAAAAAAAAAAAAAAAAQAAAAAAAAAAAAAAKAAAABkAAAAAAAAAAAAAAAAAAAAAAQAAAAAAAAAAAAAAAAAAAAAAAAAQAAAAAQAAAAAAAG51bGwAAAACAAAABmJvdW5kc09iamMAAAABAAAAAAAAUmN0MQAAAAQAAAAAVG9wIGxvbmcAAAAAAAAAAExlZnRsb25nAAAAAAAAAABCdG9tbG9uZwAAABkAAAAAUmdodGxvbmcAAAAoAAAABnNsaWNlc1ZsTHMAAAABT2JqYwAAAAEAAAAAAAVzbGljZQAAABIAAAAHc2xpY2VJRGxvbmcAAAAAAAAAB2dyb3VwSURsb25nAAAAAAAAAAZvcmlnaW5lbnVtAAAADEVTbGljZU9yaWdpbgAAAA1hdXRvR2VuZXJhdGVkAAAAAFR5cGVlbnVtAAAACkVTbGljZVR5cGUAAAAASW1nIAAAAAZib3VuZHNPYmpjAAAAAQAAAAAAAFJjdDEAAAAEAAAAAFRvcCBsb25nAAAAAAAAAABMZWZ0bG9uZwAAAAAAAAAAQnRvbWxvbmcAAAAZAAAAAFJnaHRsb25nAAAAKAAAAAN1cmxURVhUAAAAAQAAAAAAAG51bGxURVhUAAAAAQAAAAAAAE1zZ2VURVhUAAAAAQAAAAAABmFsdFRhZ1RFWFQAAAABAAAAAAAOY2VsbFRleHRJc0hUTUxib29sAQAAAAhjZWxsVGV4dFRFWFQAAAABAAAAAAAJaG9yekFsaWduZW51bQAAAA9FU2xpY2VIb3J6QWxpZ24AAAAHZGVmYXVsdAAAAAl2ZXJ0QWxpZ25lbnVtAAAAD0VTbGljZVZlcnRBbGlnbgAAAAdkZWZhdWx0AAAAC2JnQ29sb3JUeXBlZW51bQAAABFFU2xpY2VCR0NvbG9yVHlwZQAAAABOb25lAAAACXRvcE91dHNldGxvbmcAAAAAAAAACmxlZnRPdXRzZXRsb25nAAAAAAAAAAxib3R0b21PdXRzZXRsb25nAAAAAAAAAAtyaWdodE91dHNldGxvbmcAAAAAADhCSU0EKAAAAAAADAAAAAI/8AAAAAAAADhCSU0EEQAAAAAAAQEAOEJJTQQUAAAAAAAEAAAAAjhCSU0EDAAAAAADZgAAAAEAAAAoAAAAGQAAAHgAAAu4AAADSgAYAAH/2P/tAAxBZG9iZV9DTQAC/+4ADkFkb2JlAGSAAAAAAf/bAIQADAgICAkIDAkJDBELCgsRFQ8MDA8VGBMTFRMTGBEMDAwMDAwRDAwMDAwMDAwMDAwMDAwMDAwMDAwMDAwMDAwMDAENCwsNDg0QDg4QFA4ODhQUDg4ODhQRDAwMDAwREQwMDAwMDBEMDAwMDAwMDAwMDAwMDAwMDAwMDAwMDAwMDAwM/8AAEQgAGQAoAwEiAAIRAQMRAf/dAAQAA//EAT8AAAEFAQEBAQEBAAAAAAAAAAMAAQIEBQYHCAkKCwEAAQUBAQEBAQEAAAAAAAAAAQACAwQFBgcICQoLEAABBAEDAgQCBQcGCAUDDDMBAAIRAwQhEjEFQVFhEyJxgTIGFJGhsUIjJBVSwWIzNHKC0UMHJZJT8OHxY3M1FqKygyZEk1RkRcKjdDYX0lXiZfKzhMPTdePzRieUpIW0lcTU5PSltcXV5fVWZnaGlqa2xtbm9jdHV2d3h5ent8fX5/cRAAICAQIEBAMEBQYHBwYFNQEAAhEDITESBEFRYXEiEwUygZEUobFCI8FS0fAzJGLhcoKSQ1MVY3M08SUGFqKygwcmNcLSRJNUoxdkRVU2dGXi8rOEw9N14/NGlKSFtJXE1OT0pbXF1eX1VmZ2hpamtsbW5vYnN0dXZ3eHl6e3x//aAAwDAQACEQMRAD8AwcfJqZYLAWvDdYmPmtV/oPrcLHN2vb7g4gHaVz9lLztcw7iDxpKna9+TaHZbhW4AN9Qs5H8rYqZxgkEH+KpSI3H8HToxOk2FwpDLj3BcTH9Vp/NSzh6bGuZitv7EwPaB9H+ysyu6vHeC1tdzgQ5lhDgQf5P0Vcr6tZY7a+tgJ5MmD5QhKEgb1kB+8URIOmxarupOdEsDNvAaBH3FJPktqfptDCdASZg/EpJ3or5V1SurH2P/0MbFtxH1gXBjbJOpEAqeWyiuotbUbZEkCwNLfDn3e5Z1f0LFUy/+Vn/Fn/UtVEVxdUyvo36r66Ggurq9zeHtc4/55VS21r5cahWSZBbLWjy2FWLPon4rUs/oLfl/BSDfbXzWGuji1+jawC3INZngtLhH8l0pKGZ/SHfBJO1vrX+Dwo/l1t//2ThCSU0EIQAAAAAAVQAAAAEBAAAADwBBAGQAbwBiAGUAIABQAGgAbwB0AG8AcwBoAG8AcAAAABMAQQBkAG8AYgBlACAAUABoAG8AdABvAHMAaABvAHAAIABDAFMANgAAAAEAOEJJTQQGAAAAAAAHAAEAAQABAQD/4QyyaHR0cDovL25zLmFkb2JlLmNvbS94YXAvMS4wLwA8P3hwYWNrZXQgYmVnaW49Iu+7vyIgaWQ9Ilc1TTBNcENlaGlIenJlU3pOVGN6a2M5ZCI/PiA8eDp4bXBtZXRhIHhtbG5zOng9ImFkb2JlOm5zOm1ldGEvIiB4OnhtcHRrPSJBZG9iZSBYTVAgQ29yZSA1LjMtYzAxMSA2Ni4xNDU2NjEsIDIwMTIvMDIvMDYtMTQ6NTY6MjcgICAgICAgICI+IDxyZGY6UkRGIHhtbG5zOnJkZj0iaHR0cDovL3d3dy53My5vcmcvMTk5OS8wMi8yMi1yZGYtc3ludGF4LW5zIyI+IDxyZGY6RGVzY3JpcHRpb24gcmRmOmFib3V0PSIiIHhtbG5zOnhtcE1NPSJodHRwOi8vbnMuYWRvYmUuY29tL3hhcC8xLjAvbW0vIiB4bWxuczpzdEV2dD0iaHR0cDovL25zLmFkb2JlLmNvbS94YXAvMS4wL3NUeXBlL1Jlc291cmNlRXZlbnQjIiB4bWxuczpkYz0iaHR0cDovL3B1cmwub3JnL2RjL2VsZW1lbnRzLzEuMS8iIHhtbG5zOnBob3Rvc2hvcD0iaHR0cDovL25zLmFkb2JlLmNvbS9waG90b3Nob3AvMS4wLyIgeG1sbnM6eG1wPSJodHRwOi8vbnMuYWRvYmUuY29tL3hhcC8xLjAvIiB4bXBNTTpEb2N1bWVudElEPSJCQTU4REY3OTlDQjdDMDVCMEZFRTk5NTVDNkNCMTAwQyIgeG1wTU06SW5zdGFuY2VJRD0ieG1wLmlpZDpDMjZGQkM1MjIyRjBFNDExQjI3ODgyNTQwMzA0RTQ5NCIgeG1wTU06T3JpZ2luYWxEb2N1bWVudElEPSJCQTU4REY3OTlDQjdDMDVCMEZFRTk5NTVDNkNCMTAwQyIgZGM6Zm9ybWF0PSJpbWFnZS9qcGVnIiBwaG90b3Nob3A6Q29sb3JNb2RlPSIzIiB4bXA6Q3JlYXRlRGF0ZT0iMjAxNS0wNS0wMVQyMDo1NyswMzowMCIgeG1wOk1vZGlmeURhdGU9IjIwMTUtMDUtMDFUMjA6NTc6NDMrMDM6MDAiIHhtcDpNZXRhZGF0YURhdGU9IjIwMTUtMDUtMDFUMjA6NTc6NDMrMDM6MDAiPiA8eG1wTU06SGlzdG9yeT4gPHJkZjpTZXE+IDxyZGY6bGkgc3RFdnQ6YWN0aW9uPSJzYXZlZCIgc3RFdnQ6aW5zdGFuY2VJRD0ieG1wLmlpZDpDMjZGQkM1MjIyRjBFNDExQjI3ODgyNTQwMzA0RTQ5NCIgc3RFdnQ6d2hlbj0iMjAxNS0wNS0wMVQyMDo1Nzo0MyswMzowMCIgc3RFdnQ6c29mdHdhcmVBZ2VudD0iQWRvYmUgUGhvdG9zaG9wIENTNiAoV2luZG93cykiIHN0RXZ0OmNoYW5nZWQ9Ii8iLz4gPC9yZGY6U2VxPiA8L3htcE1NOkhpc3Rvcnk+IDwvcmRmOkRlc2NyaXB0aW9uPiA8L3JkZjpSREY+IDwveDp4bXBtZXRhPiAgICAgICAgICAgICAgICAgICAgICAgICAgICAgICAgICAgICAgICAgICAgICAgICAgICAgICAgICAgICAgICAgICAgICAgICAgICAgICAgICAgICAgICAgICAgICAgICAgICAgICAgICAgICAgICAgICAgICAgICAgICAgICAgICAgICAgICAgICAgICAgICAgICAgICAgICAgICAgICAgICAgICAgICAgICAgICAgICAgICAgICAgICAgICAgICAgICAgICAgICAgICAgICAgICAgICAgICAgICAgICAgICAgICAgICAgICAgICAgICAgICAgICAgICAgICAgICAgICAgICAgICAgICAgICAgICAgICAgICAgICAgICAgICAgICAgICAgICAgICAgICAgICAgICAgICAgICAgICAgICAgICAgICAgICAgICAgICAgICAgICAgICAgICAgICAgICAgICAgICAgICAgICAgICAgICAgICAgICAgICAgICAgICAgICAgICAgICAgICAgICAgICAgICAgICAgICAgICAgICAgICAgICAgICAgICAgICAgICAgICAgICAgICAgICAgICAgICAgICAgICAgICAgICAgICAgICAgICAgICAgICAgICAgICAgICAgICAgICAgICAgICAgICAgICAgICAgICAgICAgICAgICAgICAgICAgICAgICAgICAgICAgICAgICAgICAgICAgICAgICAgICAgICAgICAgICAgICAgICAgICAgICAgICAgICAgICAgICAgICAgICAgICAgICAgICAgICAgICAgICAgICAgICAgICAgICAgICAgICAgICAgICAgICAgICAgICAgICAgICAgICAgICAgICAgICAgICAgICAgICAgICAgICAgICAgICAgICAgICAgICAgICAgICAgICAgICAgICAgICAgICAgICAgICAgICAgICAgICAgICAgICAgICAgICAgICAgICAgICAgICAgICAgICAgICAgICAgICAgICAgICAgICAgICAgICAgICAgICAgICAgICAgICAgICAgICAgICAgICAgICAgICAgICAgICAgICAgICAgICAgICAgICAgICAgICAgICAgICAgICAgICAgICAgICAgICAgICAgICAgICAgICAgICAgICAgICAgICAgICAgICAgICAgICAgICAgICAgICAgICAgICAgICAgICAgICAgICAgICAgICAgICAgICAgICAgICAgICAgICAgICAgICAgICAgICAgICAgICAgICAgICAgICAgICAgICAgICAgICAgICAgICAgICAgICAgICAgICAgICAgICAgICAgICAgICAgICAgICAgICAgICAgICAgICAgICAgICAgICAgICAgICAgICAgICAgICAgICAgICAgICAgICAgICAgICAgICAgICAgICAgICAgICAgICAgICAgICAgICAgICAgICAgICAgICAgICAgICAgICAgICAgICAgICAgICAgICAgICAgICAgICAgICAgICAgICAgICAgICAgICAgICAgICAgICAgICAgICAgICAgICAgICAgICAgICAgICAgICAgICAgICAgICAgICAgICAgICAgICAgICAgICAgICAgICAgICAgICAgICAgICAgICAgICAgICAgICAgICAgICAgICAgICAgICAgICAgICAgICAgICAgICAgICAgICAgICAgICAgICAgICAgICAgICAgICAgICAgICAgICAgICAgICAgICAgICAgICAgICAgICAgICAgICAgICAgICAgICAgICAgICAgICAgICAgICAgICAgICAgICAgICAgICAgICAgICAgICAgICAgICAgICAgICAgICAgICAgICAgICAgICAgICAgICAgICAgICAgICAgICAgICAgICAgICAgICAgICAgICAgICAgICAgICAgICAgICAgICAgICAgICAgICAgICAgICAgICAgICAgICAgICAgICAgICAgICAgICAgICAgICAgICAgICAgICAgICAgICAgICAgICAgICAgICAgICAgICAgICAgICAgICAgICAgICAgICAgICAgICAgICAgICAgICAgICAgICAgICAgICAgICAgICAgICAgICAgICAgICAgICAgICAgICAgICAgICAgICAgICAgICAgICAgICAgICAgICAgICAgICAgICAgICAgICAgICAgICAgICAgICAgICAgICAgICAgICAgICAgICAgICAgICAgICAgICAgICAgICAgICAgICAgICAgICAgICAgICAgICAgICAgICAgICAgICAgICAgICAgICAgICAgICAgICAgICAgICAgICAgICAgICAgICAgICAgICAgICAgICAgICAgICAgICAgICAgICAgICAgICAgICAgICAgICAgICAgICAgICAgICAgICAgICAgICAgICAgICAgICAgICAgICAgICAgICAgICAgICAgICAgICAgICAgICAgICAgICAgICAgICAgICAgICAgICAgICAgICAgICAgICAgICAgICAgICAgICAgICAgICAgICAgICAgICAgICAgICAgICAgICAgICAgICAgICAgICAgICAgICAgICAgICAgICAgICAgICAgICAgICAgICAgICAgICAgICAgICAgICAgICAgICAgICAgIDw/eHBhY2tldCBlbmQ9InciPz7/7gAOQWRvYmUAZIAAAAAB/9sAhAAMCAgICQgMCQkMEQsKCxEVDwwMDxUYExMVExMYEQwMDAwMDBEMDAwMDAwMDAwMDAwMDAwMDAwMDAwMDAwMDAwMAQ0LCw0ODRAODhAUDg4OFBQODg4OFBEMDAwMDBERDAwMDAwMEQwMDAwMDAwMDAwMDAwMDAwMDAwMDAwMDAwMDAz/wAARCAAZACgDASIAAhEBAxEB/90ABAAD/8QAfgAAAwEBAQAAAAAAAAAAAAAAAAQFAgEGAQACAwAAAAAAAAAAAAAAAAABAgADBBAAAgECAwUFCQEAAAAAAAAAAQIDABExEgQhcSIyE0FhgWIFUZHBQnKCkrI0NREAAQMDAgcBAAAAAAAAAAAAAQARAiExQdES8HGRIjJSggP/2gAMAwEAAhEDEQA/AIOn1MSSCQFXC7bXt41VfoPGwkZcrrxBiAcprz8kLnKyHMQcNl63K76mUNq2EbABeoUxHmyVjP5gkEHVSUiLjRU4NJ6TIWEISY9oLE2+lT8tGuHTRWTSrP2E2HCBy/bUyOaPTuCqxzMCGSQhgQfLy05H6tJI2V40BOJubHutQlCQL1kB7FCJBpYpVvUma10CZcAoFvcaK7qVifZlCE7ASb2O80U3Y3imaTs46L//0I2ll0jxgTBFkudpFga3q0gjiKrEZbi5AkClfZjxcVTo+SSlNX/rPvT9VrCG3ZRk+E/FPHAoLRxcS4OrMfzNKSyq92MQjJNwVuqjuyGmJOU76qSfwr4fCrBe1eaQthRY+jKgEuoMZvgVLC3la9FY1n9DbqKar5b52ocZdf/Z) no-repeat center center;', '141', '5', '92', '4', 1, ''),
(100, 'POLYMER TRAINING KARAMBIT', 22, 'KARAMBIT', '', '', '', '37', '#000', '0;display:none;', '0;display:none;', '0;display:none;', '13', '72', '160', '4', 0, ''),
(101, 'RUBBER TRAINING KNIVES', 22, 'TKN ', '', '', '', '120', '#000', '0;display:none;', '0;display:none;', '0;display:none;', '57', '26', '30', '4', 0, ''),
(102, 'PRESSURE POINT FORCE-MULTIPLIER', 22, 'BABY-TONFA', '', '', '', '18', '#000', '0;display:none;', '0;display:none;', '0;display:none;', '17', '45', '151', '4', 1, ''),
(103, 'HYBRID EXPANDABLE BATON (COMPOSITE POLYMER AND', 22, 'HXB', '', '', '', '263', '#000', '0;display:none;', '0;display:none;', '0;display:none;', '38', '', '237', '4', 0, '575'),
(104, 'GLOCK 9MM LEVEL 1 HOLSTER', 24, 'G-9', '<p><strong>SCORPUS G-9</strong> является надежной и инновационной кобурой 1 поколения для Glock, которая идеально подходит для вашего оружия.&nbsp;К вашим услугам уникальная система двойной фиксации.&nbsp;Эта инновационная система была специально предназначена для быстрого извлечения и безопасной переноски.</p>', '<ul>\r\n<li>Обеспечивает превосходную защиту пистолета</li>\r\n<li>Тонкий и компактный дизайн для переноски пистолета</li>\r\n<li>2-точечная система фиксаторов для быстрого извлечения и безопасной переноски</li>\r\n<li>Вкладка давление Anti-погремушка для плотной и безопасной посадки</li>\r\n<li>Есть возможность регулировки угла 35 градусов</li>\r\n<li>Материал: прочное армированное стекловолокно и полимерный композит</li>\r\n</ul>', '<ul>\r\n<li>GLOCK 9mm</li>\r\n</ul>', '138', '#000', '#465539', '#A09E84', '0;display:none;', '48', '113', '85', '4', 0, ''),
(105, 'M4 FOLDING BUTTSTOCK FOR REMINGTON 870 W/ SHOCK ABSORBER', 15, 'AGRF 870 FK SB', '<p>Обновите ваш Remington 870 до оптимального тактического уровня. <strong>Cамортизирующим телескопическим складным прикладом M4 Fab Defense AGRF 870 FK SB</strong> вы получите повышенную производительность и универсальность.</p>', '<ul>\r\n<li>Амортизирующий приклад</li>\r\n<li>Складывается на левую сторону (на другую сторону опционально)</li>\r\n<li>Телескопический приклад придает оружию универсальность</li>\r\n<li>Резиновый затыльник</li>\r\n<li>Полностью гладкий эргономичный дизайн</li>\r\n<li>Улучшает контакт пальца со спусковым крючком</li>\r\n<li>Прочная и износостойкая конструкция</li>\r\n<li>Встроенный отсек для хранения</li>\r\n<li>Интегрировано быстрое отсоединение антабка разъемов по обеим сторонам</li>\r\n</ul>', '<ul>\r\n<li>Remington 870</li>\r\n</ul>', '825', '#000', '#465539', '#A09E84', '0;display:none;', '49', '153', '327', '4', 1, '390'),
(106, 'M4 FOLDING BUTTSTOCK FOR AKM 47 (POLYMER JOINT)', 16, 'M4-AK P', '<p><strong>Приклад Fab Defense M4-AKP</strong> преобразует ваш АК47/74 OEM приклад в телескопический приклад M16/M4 со складыванием в сторону (соединение из полимера).</p>', '<ul>\r\n<li>Разработанный дизайн противодействует скольжению, обеспечивает превосходное позиционирования плеча, способствует повышению тактической производительности</li>\r\n<li>Приклад изготовлен в соответствии с вашим AK47/74 (Штампованный приемник)</li>\r\n<li>Жесткая и прочная конструкция, тонкий и низкий профиль</li>\r\n<li>Размер After Market, 6061 Жесткая анодированная алюминиевая буферная трубка</li>\r\n<li>Соответствует любому прикладу M4</li>\r\n<li>С герметичным отсеком</li>\r\n<li>Интегрировано быстрое отсоединение антабка разъемов по обеим сторонам</li>\r\n<li>Разблокируется нажатием кнопки</li>\r\n<li>Пружинный блокиратор в сложенном положении</li>\r\n<li>Открывается простым движением</li>\r\n<li>Складывается на левую сторону</li>\r\n</ul>', '<ul>\r\n<li>АК 47/74</li>\r\n<li>АКС-74U &lsquo;Krinkov&rsquo;</li>\r\n<li>АКМС</li>\r\n</ul>', '522', '#000', '#465539', '#A09E84', '0;display:none;', '47', '131', '253', '4', 0, '330'),
(107, 'M4/AR15 SHOCK ABSORBING BUTTSTOCK W/ PCATINNY CHEEK REST', 14, 'GL-SHOCK PCP', '<p>Приклад <strong>Fab Defense GL-Shock PCP</strong> для M4/M16/АК/САЙГА с революционной запатентованной технологией компенсации отдачи.<br />Регулируемый упор для щеки со встроенными Dual Picatinny Rails обеспечивают прикладу оптимальную функциональность.</p>', '<ul>\r\n<li>Уникальный запатентованный Механизм "Anti-Rattle"</li>\r\n<li>Новый дизайн, без выступающих частей, предотвратит зацепление за оборудование и снаряжение</li>\r\n<li>Удобный рычаг позиционирования</li>\r\n<li>Резиновое покрытие на затыльнике предотвращает скольжение</li>\r\n<li>Интегрированы быстрые отсоединение "QD" антабка разъемов на обеих сторонах</li>\r\n<li>Водонепроницаемый отсек для двух литиевых батарей CR123A 3V / AA 1,5 В</li>\r\n<li>Идеально подходит для - MIL-SPEC и Commercial Aftermarket!</li>\r\n<li>Изготовлен для Mill-Spec с использованием армированного композитного полимера</li>\r\n<li>Регулируемый упор для щеки со встроенными Dual Picatinny Rails</li>\r\n<li>Придает оптимальную функциональность прикладу</li>\r\n</ul>', '<ul>\r\n<li>M4</li>\r\n<li>M16</li>\r\n<li>АК</li>\r\n<li>САЙГА</li>\r\n</ul>', '421', '#000', '#465539', '#A09E84', '0;display:none;', '66', '133', '180', '4', 0, '163'),
(108, 'M4/AR15 SHOCK-ABSORBING BUTTSTOCK W/ CHEEK REST', 14, 'GL-SHOCK', '<p>Приклад<strong> Fab Defense GL-Shock CP</strong> для M4/M16/АК/САЙГА с революционной запатентованной технологией компенсации отдачи.</p>', '<ul>\r\n<li>Уникальный запатентованный механизм "Anti-Rattle"</li>\r\n<li>Новый дизайн, без выступающих частей, предотвратит зацепление за оборудование и снаряжение</li>\r\n<li>Удобный рычаг позиционирования</li>\r\n<li>Резиновое покрытие на затыльнике предотвращает скольжение</li>\r\n<li>Интегрировано быстрое отсоединение "QD" антабка разъемов на обеих сторонах</li>\r\n<li>Водонепроницаемый отсек для двух литиевых батарей CR123A 3V / AA 1,5 В</li>\r\n<li>Идеально подходит для - MIL-SPEC и Commercial Aftermarket!</li>\r\n<li>Изготовлен для Mill-Spec с использованием армированного композитного полимера</li>\r\n<li>Регулируемый упор для щеки</li>\r\n</ul>', '<ul>\r\n<li>M4</li>\r\n<li>M16</li>\r\n<li>АК</li>\r\n<li>САЙГА</li>\r\n</ul>', '399', '#000', '#465539', '#A09E84', '0;display:none;', '66', '133', '180', '4', 0, '163'),
(109, 'M4/AR15 TACTICAL BUTTSTOCK WITH PICATINNY CHEEK REST', 14, 'GLR-16 PCP', '<p>Приклад<strong> Fab Defense GLR-16 PCP</strong> для вашего AR15/M16/АК/САЙГА оснащен встроенным отсеком и регулируемым упором для щеки, что придает ему универсальность использования. Встроенные Dual Picatinny Rails обеспечивают прикладу оптимальную функциональность.</p>', '<ul>\r\n<li>Уникальный дизайн с резиновым покрытием на затыльнике предотвращает скольжение, обеспечивает быстрое и стабильное позиционирования плеча</li>\r\n<li>Три интегрированных слота для антабки, один в передней и два на задней панели</li>\r\n<li>Герметичный отсек для хранения двух CR123 или батарей АА, оснащенный резиновой фиксации, которая устраняет посторонние звуки</li>\r\n<li>\r\n<div>Интегрированный Ambidextrous Quick Detach Swivel Rear Sling Connectors</div>\r\n<div>Исключает скольжение при использовании с бронежилетом</div>\r\n</li>\r\n<li>Повторяет контур и размер оригинального дизайна</li>\r\n<li>Уникальный запатентованный механизм "Anti-Rattle" позволяет размещать на MIL-SPEC и Commercial Aftermarket!</li>\r\n<li>Регулируемый упор для щеки со встроенными Dual Picatinny Rails</li>\r\n<li>Придает оптимальную функциональность прикладу</li>\r\n<li>Идеальное решение монтажа для SH-5</li>\r\n</ul>', '<ul>\r\n<li>AR15</li>\r\n<li>M16</li>\r\n<li>АК</li>\r\n<li>САЙГА</li>\r\n</ul>', '389', '#000', '#465539', '0;display:none;', '0;display:none;', '66', '133', '180', '4', 0, '163');

-- --------------------------------------------------------

--
-- Структура таблицы `whepons`
--

CREATE TABLE `whepons` (
  `id` int(11) NOT NULL,
  `name` varchar(128) NOT NULL
) ENGINE=InnoDB DEFAULT CHARSET=utf8;

--
-- Дамп данных таблицы `whepons`
--

INSERT INTO `whepons` (`id`, `name`) VALUES
(4, 'АКМС'),
(5, 'AK-47-74'),
(6, 'SA-VZ.58'),
(7, 'M16-M4-AR15'),
(8, 'ВЕПРЬ 12'),
(9, 'АКС-74У (КРИНКОВ)'),
(10, 'TAR-21 (TAVOR)'),
(11, 'САЙГА'),
(12, 'H&K G36'),
(13, 'GALIL'),
(14, 'H&K G3'),
(15, 'FN FAL'),
(16, 'REMINGTON 870'),
(17, 'MOSSBERG 500'),
(18, 'BENELLI M4'),
(19, 'M203'),
(20, 'H&K MP5'),
(21, 'H&K MP7'),
(22, 'UZI'),
(23, 'MINI UZI'),
(24, 'GLOCK 9MM'),
(25, 'GLOCK 0.45 МОДЕЛИ'),
(26, 'JERICHO 941-F / FS/ R'),
(27, 'JERICHO 941-PL / PSL'),
(28, 'JERICHO 941'),
(29, 'FN 5.7'),
(30, 'SIG SAUER P226'),
(31, 'SIG SAUER 2022'),
(32, 'CZ DUTY'),
(33, 'HS 2000 / SPRINGFIELD XD'),
(34, 'BERETTA PX4 STORM'),
(35, 'BERETTA 92 / F / FS'),
(36, '1911 VARIANTS'),
(37, 'ВИНТОВКА ДРАГУНОВА'),
(38, 'ПИСТОЛЕТ МАКАРОВА');

--
-- Индексы сохранённых таблиц
--

--
-- Индексы таблицы `about`
--
ALTER TABLE `about`
  ADD PRIMARY KEY (`id`);

--
-- Индексы таблицы `blog`
--
ALTER TABLE `blog`
  ADD PRIMARY KEY (`id`);

--
-- Индексы таблицы `categories`
--
ALTER TABLE `categories`
  ADD PRIMARY KEY (`id`);

--
-- Индексы таблицы `links`
--
ALTER TABLE `links`
  ADD PRIMARY KEY (`id`);

--
-- Индексы таблицы `products`
--
ALTER TABLE `products`
  ADD PRIMARY KEY (`id`);

--
-- Индексы таблицы `whepons`
--
ALTER TABLE `whepons`
  ADD PRIMARY KEY (`id`);

--
-- AUTO_INCREMENT для сохранённых таблиц
--

--
-- AUTO_INCREMENT для таблицы `about`
--
ALTER TABLE `about`
  MODIFY `id` int(8) NOT NULL AUTO_INCREMENT, AUTO_INCREMENT=2;
--
-- AUTO_INCREMENT для таблицы `blog`
--
ALTER TABLE `blog`
  MODIFY `id` int(128) NOT NULL AUTO_INCREMENT, AUTO_INCREMENT=6;
--
-- AUTO_INCREMENT для таблицы `categories`
--
ALTER TABLE `categories`
  MODIFY `id` int(11) NOT NULL AUTO_INCREMENT, AUTO_INCREMENT=26;
--
-- AUTO_INCREMENT для таблицы `links`
--
ALTER TABLE `links`
  MODIFY `id` int(128) NOT NULL AUTO_INCREMENT, AUTO_INCREMENT=199;
--
-- AUTO_INCREMENT для таблицы `products`
--
ALTER TABLE `products`
  MODIFY `id` int(11) NOT NULL AUTO_INCREMENT, AUTO_INCREMENT=110;
--
-- AUTO_INCREMENT для таблицы `whepons`
--
ALTER TABLE `whepons`
  MODIFY `id` int(11) NOT NULL AUTO_INCREMENT, AUTO_INCREMENT=39;
/*!40101 SET CHARACTER_SET_CLIENT=@OLD_CHARACTER_SET_CLIENT */;
/*!40101 SET CHARACTER_SET_RESULTS=@OLD_CHARACTER_SET_RESULTS */;
/*!40101 SET COLLATION_CONNECTION=@OLD_COLLATION_CONNECTION */;
